Time (s),Pitch (deg),kp,kd,Correction (deg)
0.009222269058227539,-1.625,25.4,2.3,1.625
0.04548144340515137,-1.625,25.4,2.3,1.625
0.07960772514343262,0.625,25.4,2.3,-0.625
0.09593796730041504,8.5,25.4,2.3,-8.5
0.12933826446533203,15.25,25.4,2.3,-15.25
0.1657426357269287,24.0,25.4,2.3,-20.0
0.1821136474609375,27.375,25.4,2.3,-20.0
0.19901466369628906,26.875,25.4,2.3,-20.0
0.21494054794311523,25.6875,25.4,2.3,-20.0
0.24871253967285156,25.25,25.4,2.3,-20.0
0.28534936904907227,27.0625,25.4,2.3,-20.0
0.3031294345855713,31.25,25.4,2.3,-20.0
0.3200380802154541,32.4375,25.4,2.3,-20.0
0.3561520576477051,32.6875,25.4,2.3,-20.0
0.37208986282348633,33.6875,25.4,2.3,-20.0
0.38913679122924805,34.125,25.4,2.3,-20.0
0.4029405117034912,35.0,25.4,2.3,-20.0
0.4400203227996826,35.875,25.4,2.3,-20.0
0.4740946292877197,36.5,25.4,2.3,-20.0
0.4911818504333496,36.3125,25.4,2.3,-20.0
0.5060415267944336,36.125,25.4,2.3,-20.0
0.5402019023895264,35.625,25.4,2.3,-20.0
0.557030200958252,34.8125,25.4,2.3,-20.0
0.573143482208252,34.5625,25.4,2.3,-20.0
0.5914356708526611,34.4375,25.4,2.3,-20.0
0.6264989376068115,34.1875,25.4,2.3,-20.0
0.6409473419189453,34.9375,25.4,2.3,-20.0
0.6778478622436523,34.9375,25.4,2.3,-20.0
0.7126107215881348,33.1875,25.4,2.3,-20.0
0.7300148010253906,30.875,25.4,2.3,-20.0
0.7647345066070557,30.3125,25.4,2.3,-20.0
0.8010337352752686,29.0625,25.4,2.3,-20.0
0.8361515998840332,28.875,25.4,2.3,-20.0
0.8509864807128906,29.0625,25.4,2.3,-20.0
0.866889238357544,29.0625,25.4,2.3,-20.0
0.8841202259063721,28.8125,25.4,2.3,-20.0
0.9207265377044678,28.25,25.4,2.3,-20.0
0.9370121955871582,28.0625,25.4,2.3,-20.0
0.9716436862945557,28.25,25.4,2.3,-20.0
0.9879114627838135,28.9375,25.4,2.3,-20.0
1.0229225158691406,29.4375,25.4,2.3,-20.0
1.038905143737793,29.5,25.4,2.3,-20.0
1.0735054016113281,29.5,25.4,2.3,-20.0
1.0909194946289062,29.125,25.4,2.3,-20.0
1.106154441833496,29.125,25.4,2.3,-20.0
1.13968825340271,29.375,25.4,2.3,-20.0
1.1740808486938477,30.4375,25.4,2.3,-20.0
1.1920902729034424,32.5,25.4,2.3,-20.0
1.22739577293396,32.9375,25.4,2.3,-20.0
1.2423820495605469,34.3125,25.4,2.3,-20.0
1.278824806213379,34.8125,25.4,2.3,-20.0
1.2928941249847412,37.6875,25.4,2.3,-20.0
1.3102107048034668,-2009.125,25.4,2.3,20.0
1.3471705913543701,41.5,25.4,2.3,-20.0
1.3808987140655518,46.875,25.4,2.3,-20.0
1.4155995845794678,50.4375,25.4,2.3,-20.0
1.4514312744140625,54.5625,25.4,2.3,-20.0
1.4679265022277832,59.8125,25.4,2.3,-20.0
1.481926679611206,64.1875,25.4,2.3,-20.0
1.516517162322998,66.4375,25.4,2.3,-20.0
1.5509276390075684,74.9375,25.4,2.3,-20.0
1.5875129699707031,81.125,25.4,2.3,-20.0
1.6018729209899902,86.0625,25.4,2.3,-20.0
1.6387219429016113,85.125,25.4,2.3,-20.0
1.6528844833374023,79.3125,25.4,2.3,-20.0
1.6890389919281006,77.5625,25.4,2.3,-20.0
1.724242925643921,69.3125,25.4,2.3,-20.0
1.7410409450531006,60.0625,25.4,2.3,-20.0
1.7570385932922363,57.75,25.4,2.3,-20.0
1.7909882068634033,52.875,25.4,2.3,-20.0
1.8264648914337158,45.25,25.4,2.3,-20.0
1.8600082397460938,36.8125,25.4,2.3,-20.0
1.8769652843475342,31.75,25.4,2.3,-20.0
1.9113554954528809,29.0625,25.4,2.3,-20.0
1.9483137130737305,25.875,25.4,2.3,-20.0
1.9628872871398926,18.9375,25.4,2.3,-18.9375
1.979978084564209,15.3125,25.4,2.3,-15.312500000000002
2.016193151473999,13.625,25.4,2.3,-13.625
2.0512194633483887,7.5625,25.4,2.3,-7.5625
2.067845106124878,4.0625,25.4,2.3,-4.0625
2.1012520790100098,1.25,25.4,2.3,-1.25
2.138584852218628,-3.25,25.4,2.3,3.25
2.1736607551574707,-8.25,25.4,2.3,8.25
2.190115451812744,-10.625,25.4,2.3,10.625
2.2042667865753174,-11.625,25.4,2.3,11.625
2.21993350982666,-12.375,25.4,2.3,12.375
2.256002187728882,-12.75,25.4,2.3,12.75
2.272002696990967,-14.1875,25.4,2.3,14.1875
2.3096044063568115,-14.25,25.4,2.3,14.250000000000002
2.344834566116333,-13.25,25.4,2.3,13.25
2.3611276149749756,-12.125,25.4,2.3,12.125
2.3975250720977783,-11.9375,25.4,2.3,11.9375
2.412991523742676,-10.5625,25.4,2.3,10.5625
2.4484643936157227,-10.0625,25.4,2.3,10.0625
2.4839189052581787,-8.4375,25.4,2.3,8.4375
2.4988417625427246,-6.875,25.4,2.3,6.875
2.5162270069122314,-5.9375,25.4,2.3,5.9375
2.5330543518066406,-5.375,25.4,2.3,5.375
2.5677571296691895,-5.25,25.4,2.3,5.25
2.602958917617798,-4.25,25.4,2.3,4.25
2.6386520862579346,-3.1875,25.4,2.3,3.1875
2.673489570617676,-1.5625,25.4,2.3,1.5625
2.6898136138916016,-0.8125,25.4,2.3,0.8125
2.704936981201172,-0.8125,25.4,2.3,0.8125
2.740349769592285,-1.25,25.4,2.3,1.25
2.774183511734009,-2.375,25.4,2.3,2.375
2.8098416328430176,-3.5,25.4,2.3,3.5
2.827937364578247,-4.0625,25.4,2.3,4.0625
2.8633930683135986,-4.5625,25.4,2.3,4.5625
2.881938934326172,-7.8125,25.4,2.3,7.812500000000001
2.9166622161865234,-8.875,25.4,2.3,8.875
2.9308531284332275,-12.375,25.4,2.3,12.375
2.945998191833496,-12.8125,25.4,2.3,12.8125
2.9823806285858154,-13.25,25.4,2.3,13.25
3.018435478210449,-13.4375,25.4,2.3,13.4375
3.033818244934082,-14.375,25.4,2.3,14.375
3.048811197280884,-14.9375,25.4,2.3,14.9375
3.0669474601745605,-16.3125,25.4,2.3,16.3125
3.102055311203003,-17.6875,25.4,2.3,17.6875
3.139514684677124,-19.3125,25.4,2.3,19.3125
3.15484619140625,-19.75,25.4,2.3,19.75
3.1711437702178955,-19.5,25.4,2.3,19.5
3.189908266067505,-19.0,25.4,2.3,19.0
3.204843282699585,-18.875,25.4,2.3,18.875
3.2393736839294434,-18.75,25.4,2.3,18.75
3.255845546722412,-18.5625,25.4,2.3,18.5625
3.290264844894409,-18.75,25.4,2.3,18.75
3.3079679012298584,-19.125,25.4,2.3,19.125
3.3430185317993164,-18.875,25.4,2.3,18.875
3.3792433738708496,-18.5625,25.4,2.3,18.5625
3.392789602279663,-18.1875,25.4,2.3,18.1875
3.4289908409118652,-18.3125,25.4,2.3,18.3125
3.4638729095458984,-19.1875,25.4,2.3,19.1875
3.480846643447876,-20.6875,25.4,2.3,20.0
3.5152063369750977,-21.1875,25.4,2.3,20.0
3.5503833293914795,-22.9375,25.4,2.3,20.0
3.5658106803894043,-23.875,25.4,2.3,20.0
3.582111358642578,-24.375,25.4,2.3,20.0
3.5991501808166504,-24.5625,25.4,2.3,20.0
3.6147890090942383,-25.0,25.4,2.3,20.0
3.629786968231201,-25.1875,25.4,2.3,20.0
3.666008949279785,-25.4375,25.4,2.3,20.0
3.7009265422821045,-25.4375,25.4,2.3,20.0
3.7189319133758545,-24.75,25.4,2.3,20.0
3.752634048461914,-24.875,25.4,2.3,20.0
3.787755250930786,-26.25,25.4,2.3,20.0
3.823148488998413,-28.8125,25.4,2.3,20.0
3.841069221496582,-31.0,25.4,2.3,20.0
3.8569202423095703,-32.3125,25.4,2.3,20.0
3.8718948364257812,-33.75,25.4,2.3,20.0
3.8878753185272217,-34.4375,25.4,2.3,20.0
3.924388885498047,-35.375,25.4,2.3,20.0
3.9596869945526123,-35.625,25.4,2.3,20.0
3.9960851669311523,-32.6875,25.4,2.3,20.0
4.030004024505615,-28.5,25.4,2.3,20.0
4.044816970825195,-25.3125,25.4,2.3,20.0
4.079244375228882,-24.0625,25.4,2.3,20.0
4.115109205245972,-17.8125,25.4,2.3,17.8125
4.150387287139893,-12.6875,25.4,2.3,12.6875
4.185791492462158,-5.4375,25.4,2.3,5.4375
4.222333192825317,1.1875,25.4,2.3,-1.1875
4.257760763168335,5.4375,25.4,2.3,-5.4375
4.273916721343994,12.25,25.4,2.3,-12.25
4.310241937637329,14.0625,25.4,2.3,-14.0625
4.329243183135986,21.8125,25.4,2.3,-20.0
4.3663506507873535,25.8125,25.4,2.3,-20.0
4.383892297744751,33.1875,25.4,2.3,-20.0
4.399794101715088,34.625,25.4,2.3,-20.0
4.415715456008911,37.0,25.4,2.3,-20.0
4.452381372451782,38.5625,25.4,2.3,-20.0
4.467720031738281,39.4375,25.4,2.3,-20.0
4.4829370975494385,39.5,25.4,2.3,-20.0
4.498886346817017,39.4375,25.4,2.3,-20.0
4.513759613037109,39.1875,25.4,2.3,-20.0
4.52971625328064,38.875,25.4,2.3,-20.0
4.5458478927612305,38.1875,25.4,2.3,-20.0
4.581570148468018,37.4375,25.4,2.3,-20.0
4.615141153335571,36.0,25.4,2.3,-20.0
4.650425672531128,34.0625,25.4,2.3,-20.0
4.687372446060181,32.0,25.4,2.3,-20.0
4.72157883644104,30.6875,25.4,2.3,-20.0
4.738918781280518,29.875,25.4,2.3,-20.0
4.753829002380371,29.25,25.4,2.3,-20.0
4.7892069816589355,28.9375,25.4,2.3,-20.0
4.804788112640381,25.5625,25.4,2.3,-20.0
4.840396165847778,24.0625,25.4,2.3,-20.0
4.85583758354187,17.4375,25.4,2.3,-17.4375
4.891997575759888,14.0,25.4,2.3,-14.0
4.906849384307861,10.0,25.4,2.3,-10.0
4.922916889190674,8.0,25.4,2.3,-8.0
4.938739776611328,7.1875,25.4,2.3,-7.1875
4.972216844558716,5.8125,25.4,2.3,-5.8125
4.989789962768555,4.3125,25.4,2.3,-4.3125
5.003711462020874,3.5,25.4,2.3,-3.5
5.040530443191528,3.0,25.4,2.3,-3.0000000000000004
5.074725866317749,1.0,25.4,2.3,-1.0
5.091921091079712,-0.125,25.4,2.3,0.125
5.127835273742676,-0.625,25.4,2.3,0.625
5.14383602142334,-1.125,25.4,2.3,1.125
5.17933201789856,-1.1875,25.4,2.3,1.1875
5.213213682174683,-1.625,25.4,2.3,1.625
5.230817556381226,-1.9375,25.4,2.3,1.9375
5.245701551437378,-2.125,25.4,2.3,2.125
5.282750844955444,-2.1875,25.4,2.3,2.1875
5.316966533660889,-2.1875,25.4,2.3,2.1875
5.33273458480835,-1.5625,25.4,2.3,1.5625
5.347793340682983,-1.3125,25.4,2.3,1.3125
5.3627214431762695,-0.6875,25.4,2.3,0.6875
5.392998695373535,0.0625,25.4,2.3,-0.0625
5.429506063461304,0.25,25.4,2.3,-0.25
5.447797775268555,0.875,25.4,2.3,-0.875
5.463721513748169,1.25,25.4,2.3,-1.25
5.4992146492004395,1.5,25.4,2.3,-1.5000000000000002
5.535843849182129,2.5625,25.4,2.3,-2.5625
5.570651292800903,2.875,25.4,2.3,-2.875
5.5886595249176025,3.0,25.4,2.3,-3.0000000000000004
5.602712154388428,2.8125,25.4,2.3,-2.8125
5.618865966796875,2.5625,25.4,2.3,-2.5625
5.635211229324341,2.1875,25.4,2.3,-2.1875
5.669095754623413,2.0,25.4,2.3,-2.0
5.704843759536743,1.0625,25.4,2.3,-1.0625
5.720699787139893,0.3125,25.4,2.3,-0.3125
5.7552947998046875,-0.0625,25.4,2.3,0.0625
5.790511846542358,-0.1875,25.4,2.3,0.18750000000000003
5.826448440551758,-0.0625,25.4,2.3,0.0625
5.841686010360718,0.0,25.4,2.3,-0.0
5.857359170913696,0.0,25.4,2.3,-0.0
5.874767541885376,-0.0625,25.4,2.3,0.0625
5.891883373260498,0.0,25.4,2.3,-0.0
5.905658006668091,0.0625,25.4,2.3,-0.0625
5.922900915145874,0.3125,25.4,2.3,-0.3125
5.960401296615601,0.4375,25.4,2.3,-0.4375
5.975924491882324,0.75,25.4,2.3,-0.7500000000000001
6.01275634765625,0.8125,25.4,2.3,-0.8125
6.047735691070557,1.0625,25.4,2.3,-1.0625
6.083245277404785,1.375,25.4,2.3,-1.375
6.11940860748291,1.5,25.4,2.3,-1.5000000000000002
6.133671283721924,1.5,25.4,2.3,-1.5000000000000002
6.167426824569702,1.5625,25.4,2.3,-1.5625
6.1829681396484375,1.75,25.4,2.3,-1.75
6.21726393699646,1.8125,25.4,2.3,-1.8125000000000002
6.25284743309021,1.75,25.4,2.3,-1.75
6.290732145309448,-16.8125,25.4,2.3,16.8125
6.305651426315308,-16.8125,25.4,2.3,16.8125
6.3216493129730225,-16.75,25.4,2.3,16.75
6.339794158935547,-16.5625,25.4,2.3,16.5625
6.355175495147705,-16.4375,25.4,2.3,16.4375
6.390360116958618,-16.375,25.4,2.3,16.375
6.40673303604126,-16.0625,25.4,2.3,16.0625
6.421620845794678,-16.1875,25.4,2.3,16.1875
6.4564549922943115,-16.4375,25.4,2.3,16.4375
6.491333961486816,-19.25,25.4,2.3,19.25
6.507815361022949,-22.1875,25.4,2.3,20.0
6.543910026550293,-23.875,25.4,2.3,20.0
6.580094337463379,-25.6875,25.4,2.3,20.0
6.6146581172943115,-28.0625,25.4,2.3,20.0
6.651711463928223,-29.5625,25.4,2.3,20.0
6.686966419219971,-30.6875,25.4,2.3,20.0
6.702683448791504,-30.9375,25.4,2.3,20.0
6.738075017929077,-30.9375,25.4,2.3,20.0
6.774215459823608,-31.9375,25.4,2.3,20.0
6.792083740234375,-34.8125,25.4,2.3,20.0
6.826934814453125,-37.0,25.4,2.3,20.0
6.841601848602295,-41.875,25.4,2.3,20.0
6.85869836807251,-43.25,25.4,2.3,20.0
6.893519639968872,-45.4375,25.4,2.3,20.0
6.927127361297607,-48.3125,25.4,2.3,20.0
6.962862968444824,-52.3125,25.4,2.3,20.0
7.001552104949951,-54.9375,25.4,2.3,20.0
7.016712427139282,-57.375,25.4,2.3,20.0
7.033694744110107,-58.0,25.4,2.3,20.0
7.06951642036438,-58.25,25.4,2.3,20.0
7.104935646057129,-60.8125,25.4,2.3,20.0
7.121602296829224,-64.4375,25.4,2.3,20.0
7.136626958847046,-67.0,25.4,2.3,20.0
7.172625780105591,-69.1875,25.4,2.3,20.0
7.207860231399536,-71.9375,25.4,2.3,20.0
7.243061542510986,-74.625,25.4,2.3,20.0
7.27681303024292,-76.0,25.4,2.3,20.0
7.293741464614868,-77.875,25.4,2.3,20.0
7.30863618850708,-78.375,25.4,2.3,20.0
7.325859069824219,-79.125,25.4,2.3,20.0
7.362267017364502,-79.4375,25.4,2.3,20.0
7.3988001346588135,-81.0625,25.4,2.3,20.0
7.413711071014404,-79.5,25.4,2.3,20.0
7.4295690059661865,-78.5,25.4,2.3,20.0
7.446812868118286,-76.875,25.4,2.3,20.0
7.482725620269775,-75.6875,25.4,2.3,20.0
7.498071670532227,-73.5625,25.4,2.3,20.0
7.533659219741821,-72.0,25.4,2.3,20.0
7.567159652709961,-69.4375,25.4,2.3,20.0
7.604158401489258,-64.4375,25.4,2.3,20.0
7.642218351364136,-61.125,25.4,2.3,20.0
7.6566078662872314,-57.9375,25.4,2.3,20.0
7.691621541976929,-57.5,25.4,2.3,20.0
7.70665168762207,-55.625,25.4,2.3,20.0
7.741736650466919,-54.5625,25.4,2.3,20.0
7.757723569869995,-48.8125,25.4,2.3,20.0
7.773553848266602,-45.875,25.4,2.3,20.0
7.789559364318848,-44.5,25.4,2.3,20.0
7.825207948684692,-42.25,25.4,2.3,20.0
7.860778570175171,-39.5625,25.4,2.3,20.0
7.896820545196533,-35.5625,25.4,2.3,20.0
7.910542964935303,-33.0,25.4,2.3,20.0
7.926678419113159,-31.6875,25.4,2.3,20.0
7.962372064590454,-30.625,25.4,2.3,20.0
8.00123929977417,-28.0625,25.4,2.3,20.0
8.016594171524048,-22.25,25.4,2.3,20.0
8.053133249282837,-20.875,25.4,2.3,20.0
8.088703632354736,-17.125,25.4,2.3,17.125
8.124061584472656,-13.875,25.4,2.3,13.875
8.1608407497406,-11.3125,25.4,2.3,11.3125
8.176647186279297,-8.6875,25.4,2.3,8.6875
8.192588329315186,-8.25,25.4,2.3,8.25
8.227894067764282,-7.5625,25.4,2.3,7.5625
8.24353313446045,-5.3125,25.4,2.3,5.3125
8.277164697647095,-4.375,25.4,2.3,4.375
8.313503742218018,-0.3125,25.4,2.3,0.3125
8.331335306167603,2.25,25.4,2.3,-2.25
8.348645448684692,2.75,25.4,2.3,-2.75
8.384429216384888,2.625,25.4,2.3,-2.625
8.419732093811035,2.5,25.4,2.3,-2.5
8.434527158737183,3.75,25.4,2.3,-3.7499999999999996
8.451698541641235,4.1875,25.4,2.3,-4.1875
8.488756656646729,4.75,25.4,2.3,-4.75
8.504638910293579,4.3125,25.4,2.3,-4.3125
8.521783113479614,4.0625,25.4,2.3,-4.0625
8.556754112243652,3.625,25.4,2.3,-3.6250000000000004
8.592652559280396,3.3125,25.4,2.3,-3.3125
8.626734972000122,3.1875,25.4,2.3,-3.1875
8.66325855255127,3.125,25.4,2.3,-3.125
8.701178312301636,3.3125,25.4,2.3,-3.3125
8.716506481170654,3.25,25.4,2.3,-3.25
8.732532262802124,3.0625,25.4,2.3,-3.0625
8.76861023902893,2.6875,25.4,2.3,-2.6875
8.783507823944092,1.5625,25.4,2.3,-1.5625
8.819934844970703,1.25,25.4,2.3,-1.25
8.854447603225708,0.0,25.4,2.3,-0.0
8.872610569000244,-0.0625,25.4,2.3,0.0625
8.888757228851318,-0.0625,25.4,2.3,0.0625
8.903687477111816,0.0,25.4,2.3,-0.0
8.922726154327393,0.0,25.4,2.3,-0.0
8.940575122833252,0.375,25.4,2.3,-0.37500000000000006
8.974868535995483,0.875,25.4,2.3,-0.875
8.99357795715332,1.875,25.4,2.3,-1.8749999999999998
9.028571128845215,2.375,25.4,2.3,-2.375
9.0645010471344,2.3125,25.4,2.3,-2.3125
9.099974632263184,2.1875,25.4,2.3,-2.1875
9.134459972381592,2.0625,25.4,2.3,-2.0625
9.15089201927185,1.8125,25.4,2.3,-1.8125000000000002
9.166672945022583,1.8125,25.4,2.3,-1.8125000000000002
9.183682203292847,1.9375,25.4,2.3,-1.9375
9.198488473892212,2.0,25.4,2.3,-2.0
9.215597152709961,1.875,25.4,2.3,-1.8749999999999998
9.252483129501343,1.6875,25.4,2.3,-1.6875
9.268827438354492,0.4375,25.4,2.3,-0.4375
9.306013107299805,0.0,25.4,2.3,-0.0
9.341086626052856,-0.0625,25.4,2.3,0.0625
9.356586933135986,0.625,25.4,2.3,-0.625
9.372501134872437,0.8125,25.4,2.3,-0.8125
9.391033172607422,1.1875,25.4,2.3,-1.1875
9.4077730178833,1.5,25.4,2.3,-1.5000000000000002
9.44310188293457,1.6875,25.4,2.3,-1.6875
9.47933316230774,1.9375,25.4,2.3,-1.9375
9.513367891311646,1.8125,25.4,2.3,-1.8125000000000002
9.530550003051758,1.6875,25.4,2.3,-1.6875
9.545521974563599,1.75,25.4,2.3,-1.75
9.561670064926147,1.875,25.4,2.3,-1.8749999999999998
9.598613739013672,2.25,25.4,2.3,-2.25
9.613452434539795,3.125,25.4,2.3,-3.125
9.65175986289978,3.3125,25.4,2.3,-3.3125
9.66644024848938,3.375,25.4,2.3,-3.375
9.70324420928955,3.1875,25.4,2.3,-3.1875
9.739543914794922,2.625,25.4,2.3,-2.625
9.755603313446045,2.9375,25.4,2.3,-2.9375
9.772488355636597,3.0625,25.4,2.3,-3.0625
9.808435678482056,3.1875,25.4,2.3,-3.1875
9.84480094909668,3.4375,25.4,2.3,-3.4375
9.880040884017944,3.5625,25.4,2.3,-3.5625000000000004
9.913927555084229,3.875,25.4,2.3,-3.875
9.932661294937134,3.1875,25.4,2.3,-3.1875
9.948578119277954,2.6875,25.4,2.3,-2.6875
9.964452743530273,2.375,25.4,2.3,-2.375
10.003124475479126,2.1875,25.4,2.3,-2.1875
10.038863897323608,1.3125,25.4,2.3,-1.3125
10.0534987449646,0.875,25.4,2.3,-0.875
10.071621417999268,0.5625,25.4,2.3,-0.5625
10.106930494308472,0.3125,25.4,2.3,-0.3125
10.125638484954834,0.125,25.4,2.3,-0.125
10.143558263778687,0.0,25.4,2.3,-0.0
10.158451557159424,-0.125,25.4,2.3,0.125
10.192769527435303,-0.4375,25.4,2.3,0.4375
10.209599733352661,-0.8125,25.4,2.3,0.8125
10.224467754364014,-0.8125,25.4,2.3,0.8125
10.241679430007935,-0.6875,25.4,2.3,0.6875
10.277852773666382,-0.4375,25.4,2.3,0.4375
10.31282639503479,-0.0625,25.4,2.3,0.0625
10.348998069763184,0.1875,25.4,2.3,-0.18750000000000003
10.386197090148926,0.3125,25.4,2.3,-0.3125
10.400431156158447,0.125,25.4,2.3,-0.125
10.436256647109985,0.0,25.4,2.3,-0.0
10.471486330032349,-0.3125,25.4,2.3,0.3125
10.489564180374146,-0.4375,25.4,2.3,0.4375
10.524169921875,-0.3125,25.4,2.3,0.3125
10.543692111968994,0.0,25.4,2.3,-0.0
10.559444665908813,0.125,25.4,2.3,-0.125
10.593910932540894,0.375,25.4,2.3,-0.37500000000000006
10.610570907592773,0.6875,25.4,2.3,-0.6875
10.625423669815063,0.75,25.4,2.3,-0.7500000000000001
10.641398429870605,0.6875,25.4,2.3,-0.6875
10.677784204483032,0.4375,25.4,2.3,-0.4375
10.694571018218994,0.0,25.4,2.3,-0.0
10.730421304702759,-0.3125,25.4,2.3,0.3125
10.76446270942688,-0.8125,25.4,2.3,0.8125
10.783664226531982,-0.9375,25.4,2.3,0.9374999999999999
10.799523115158081,-0.9375,25.4,2.3,0.9374999999999999
10.813377618789673,-0.9375,25.4,2.3,0.9374999999999999
10.849461078643799,-0.9375,25.4,2.3,0.9374999999999999
10.864442110061646,-0.875,25.4,2.3,0.875
10.8994300365448,-0.75,25.4,2.3,0.7500000000000001
10.915597438812256,-0.1875,25.4,2.3,0.18750000000000003
10.951138496398926,-0.125,25.4,2.3,0.125
10.968608856201172,-0.5,25.4,2.3,0.5
11.003734588623047,-0.9375,25.4,2.3,0.9374999999999999
11.040703058242798,-1.75,25.4,2.3,1.75
11.054386377334595,-2.0,25.4,2.3,2.0
11.072480916976929,-1.9375,25.4,2.3,1.9375
11.10696792602539,-1.8125,25.4,2.3,1.8125000000000002
11.124589920043945,-1.75,25.4,2.3,1.75
11.142549991607666,-1.6875,25.4,2.3,1.6875
11.176836013793945,-1.4375,25.4,2.3,1.4375
11.213980674743652,-0.6875,25.4,2.3,0.6875
11.229468822479248,-0.375,25.4,2.3,0.37500000000000006
11.265502214431763,-0.5,25.4,2.3,0.5
11.301367282867432,-0.625,25.4,2.3,0.625
11.31750750541687,-1.3125,25.4,2.3,1.3125
11.333420276641846,-1.625,25.4,2.3,1.625
11.368212223052979,-2.375,25.4,2.3,2.375
11.38460373878479,-4.0625,25.4,2.3,4.0625
11.41884708404541,-4.5,25.4,2.3,4.5
11.454813480377197,-6.375,25.4,2.3,6.375
11.490583658218384,-7.3125,25.4,2.3,7.3125
11.52692461013794,-9.6875,25.4,2.3,9.6875
11.564185857772827,-12.25,25.4,2.3,12.25
11.600183963775635,-15.75,25.4,2.3,15.75
11.617903470993042,-19.1875,25.4,2.3,19.1875
11.653576374053955,-19.9375,25.4,2.3,19.9375
11.670416355133057,-23.125,25.4,2.3,20.0
11.686444997787476,-23.75,25.4,2.3,20.0
11.701361656188965,-23.75,25.4,2.3,20.0
11.735018253326416,-23.4375,25.4,2.3,20.0
11.751585960388184,-22.125,25.4,2.3,20.0
11.785841941833496,-20.875,25.4,2.3,20.0
11.802445411682129,-19.25,25.4,2.3,19.25
11.817430257797241,-17.9375,25.4,2.3,17.9375
11.833369731903076,-17.1875,25.4,2.3,17.1875
11.871766805648804,-16.0,25.4,2.3,16.0
11.905743837356567,-14.0625,25.4,2.3,14.0625
11.924499273300171,-12.5,25.4,2.3,12.5
11.959903478622437,-11.5625,25.4,2.3,11.5625
11.9961838722229,-10.6875,25.4,2.3,10.6875
12.010357141494751,-9.8125,25.4,2.3,9.8125
12.027595520019531,-8.8125,25.4,2.3,8.8125
12.045412063598633,-8.1875,25.4,2.3,8.1875
12.060376167297363,-6.875,25.4,2.3,6.875
12.078438758850098,-5.5625,25.4,2.3,5.5625
12.09642744064331,-4.25,25.4,2.3,4.25
12.130960464477539,-3.5625,25.4,2.3,3.5625000000000004
12.147669076919556,-0.5,25.4,2.3,0.5
12.163424491882324,0.125,25.4,2.3,-0.125
12.19773244857788,1.25,25.4,2.3,-1.25
12.213437795639038,2.3125,25.4,2.3,-2.3125
12.227348327636719,2.75,25.4,2.3,-2.75
12.243405103683472,3.0,25.4,2.3,-3.0000000000000004
12.27820372581482,3.375,25.4,2.3,-3.375
12.313608646392822,3.875,25.4,2.3,-3.875
12.331453800201416,4.125,25.4,2.3,-4.125
12.346344709396362,4.25,25.4,2.3,-4.25
12.361366510391235,4.25,25.4,2.3,-4.25
12.376501560211182,4.3125,25.4,2.3,-4.3125
12.412939310073853,4.3125,25.4,2.3,-4.3125
12.429425477981567,4.5625,25.4,2.3,-4.5625
12.465488195419312,4.875,25.4,2.3,-4.875
12.501353025436401,5.25,25.4,2.3,-5.25
12.535734415054321,5.625,25.4,2.3,-5.625
12.571348190307617,-2041.5625,25.4,2.3,20.0
12.586351871490479,7.6875,25.4,2.3,-7.687500000000001
12.61973524093628,8.1875,25.4,2.3,-8.1875
12.65513563156128,10.9375,25.4,2.3,-10.9375
12.691458225250244,13.3125,25.4,2.3,-13.3125
12.70632553100586,15.5625,25.4,2.3,-15.562499999999998
12.72237491607666,16.0,25.4,2.3,-16.0
12.758220672607422,16.75,25.4,2.3,-16.75
12.774311065673828,17.5,25.4,2.3,-17.5
12.814044952392578,17.375,25.4,2.3,-17.375
12.849748849868774,15.9375,25.4,2.3,-15.937500000000002
12.886265516281128,14.4375,25.4,2.3,-14.437499999999998
12.919972896575928,14.875,25.4,2.3,-14.875
12.936357498168945,16.4375,25.4,2.3,-16.4375
12.970223665237427,17.0625,25.4,2.3,-17.0625
13.006433725357056,19.4375,25.4,2.3,-19.4375
13.043107748031616,19.75,25.4,2.3,-19.75
13.057324886322021,19.75,25.4,2.3,-19.75
13.092472553253174,19.8125,25.4,2.3,-19.8125
13.127672910690308,21.0,25.4,2.3,-20.0
13.165558338165283,22.3125,25.4,2.3,-20.0
13.182411670684814,24.0,25.4,2.3,-20.0
13.196830034255981,25.5625,25.4,2.3,-20.0
13.215877532958984,26.625,25.4,2.3,-20.0
13.252601861953735,28.8125,25.4,2.3,-20.0
13.290411233901978,30.0625,25.4,2.3,-20.0
13.324111223220825,28.9375,25.4,2.3,-20.0
13.340267896652222,27.25,25.4,2.3,-20.0
13.375310182571411,27.3125,25.4,2.3,-20.0
13.412688732147217,29.0625,25.4,2.3,-20.0
13.446316480636597,29.75,25.4,2.3,-20.0
13.480199813842773,30.5625,25.4,2.3,-20.0
13.497446537017822,31.875,25.4,2.3,-20.0
13.514442920684814,32.625,25.4,2.3,-20.0
13.529263973236084,34.375,25.4,2.3,-20.0
13.56452488899231,35.25,25.4,2.3,-20.0
13.600439310073853,35.75,25.4,2.3,-20.0
13.616435289382935,33.625,25.4,2.3,-20.0
13.633375406265259,32.625,25.4,2.3,-20.0
13.667610883712769,30.75,25.4,2.3,-20.0
13.685411930084229,29.0625,25.4,2.3,-20.0
13.70130467414856,28.5,25.4,2.3,-20.0
13.735480546951294,28.4375,25.4,2.3,-20.0
13.771448373794556,28.3125,25.4,2.3,-20.0
13.788439273834229,27.5,25.4,2.3,-20.0
13.80436086654663,27.1875,25.4,2.3,-20.0
13.838443756103516,26.625,25.4,2.3,-20.0
13.874645233154297,26.25,25.4,2.3,-20.0
13.890318632125854,24.5,25.4,2.3,-20.0
13.926522493362427,23.75,25.4,2.3,-20.0
13.943228721618652,21.625,25.4,2.3,-20.0
13.957249402999878,20.8125,25.4,2.3,-20.0
13.994559526443481,20.3125,25.4,2.3,-20.0
14.009225606918335,16.9375,25.4,2.3,-16.9375
14.02639651298523,14.9375,25.4,2.3,-14.9375
14.043387651443481,14.125,25.4,2.3,-14.125
14.07742428779602,12.375,25.4,2.3,-12.375
14.094345331192017,9.25,25.4,2.3,-9.25
14.110309600830078,7.5625,25.4,2.3,-7.5625
14.145982027053833,6.25,25.4,2.3,-6.25
14.180826902389526,4.375,25.4,2.3,-4.375
14.215238332748413,2.3125,25.4,2.3,-2.3125
14.251513004302979,1.0,25.4,2.3,-1.0
14.268600225448608,0.125,25.4,2.3,-0.125
14.286447763442993,0.125,25.4,2.3,-0.125
14.301220655441284,0.125,25.4,2.3,-0.125
14.336824893951416,0.0,25.4,2.3,-0.0
14.372636556625366,-0.1875,25.4,2.3,0.18750000000000003
14.392474174499512,-1.25,25.4,2.3,1.25
14.427022933959961,-1.8125,25.4,2.3,1.8125000000000002
14.446467399597168,-2.6875,25.4,2.3,2.6875
14.463338136672974,-3.625,25.4,2.3,3.6250000000000004
14.498371839523315,-5.125,25.4,2.3,5.125
14.5143461227417,-8.4375,25.4,2.3,8.4375
14.548763275146484,-11.3125,25.4,2.3,11.3125
14.58357548713684,-16.5,25.4,2.3,16.5
14.59823989868164,-23.875,25.4,2.3,20.0
14.613602638244629,-25.875,25.4,2.3,20.0
14.629342317581177,-29.9375,25.4,2.3,20.0
14.66530156135559,-32.0,25.4,2.3,20.0
14.702168703079224,-38.75,25.4,2.3,20.0
14.736512184143066,-43.5625,25.4,2.3,20.0
14.752338409423828,-46.625,25.4,2.3,20.0
14.768310070037842,-49.625,25.4,2.3,20.0
14.803794145584106,-51.375,25.4,2.3,20.0
14.81945538520813,-57.4375,25.4,2.3,20.0
14.836182832717896,-58.25,25.4,2.3,20.0
14.869556427001953,-59.625,25.4,2.3,20.0
14.905051708221436,-60.9375,25.4,2.3,20.0
14.922492742538452,-61.625,25.4,2.3,20.0
14.938476085662842,-62.0,25.4,2.3,20.0
14.953185796737671,-62.25,25.4,2.3,20.0
14.986767530441284,-62.875,25.4,2.3,20.0
15.022446393966675,-63.75,25.4,2.3,20.0
15.040385007858276,-63.6875,25.4,2.3,20.0
15.076458215713501,-63.4375,25.4,2.3,20.0
15.11387014389038,-63.125,25.4,2.3,20.0
15.14846158027649,-63.125,25.4,2.3,20.0
15.166466474533081,-62.375,25.4,2.3,20.0
15.203291416168213,-61.6875,25.4,2.3,20.0
15.220354557037354,-61.0,25.4,2.3,20.0
15.236319065093994,-60.0625,25.4,2.3,20.0
15.251186609268188,-59.4375,25.4,2.3,20.0
15.286807775497437,-58.6875,25.4,2.3,20.0
15.301174879074097,-54.375,25.4,2.3,20.0
15.33564305305481,-53.25,25.4,2.3,20.0
15.352413415908813,-49.75,25.4,2.3,20.0
15.367174625396729,-48.1875,25.4,2.3,20.0
15.384409666061401,-47.4375,25.4,2.3,20.0
15.419304132461548,-46.0625,25.4,2.3,20.0
15.454993724822998,-43.25,25.4,2.3,20.0
15.490986824035645,-38.6875,25.4,2.3,20.0
15.507790088653564,-36.25,25.4,2.3,20.0
15.544893264770508,-35.5625,25.4,2.3,20.0
15.57850170135498,-35.375,25.4,2.3,20.0
15.59521222114563,-33.125,25.4,2.3,20.0
15.609360933303833,-30.8125,25.4,2.3,20.0
15.645772218704224,-29.5625,25.4,2.3,20.0
15.680819511413574,-25.6875,25.4,2.3,20.0
15.716359615325928,-22.5,25.4,2.3,20.0
15.732216358184814,-20.4375,25.4,2.3,20.0
15.747366905212402,-19.5625,25.4,2.3,19.5625
15.763318061828613,-19.3125,25.4,2.3,19.3125
15.778214454650879,-18.75,25.4,2.3,18.75
15.795226812362671,-18.0625,25.4,2.3,18.0625
15.812657833099365,-15.875,25.4,2.3,15.875000000000002
15.848822593688965,-12.6875,25.4,2.3,12.6875
15.8825044631958,-7.3125,25.4,2.3,7.3125
15.898181676864624,-2.375,25.4,2.3,2.375
15.931931972503662,-1.8125,25.4,2.3,1.8125000000000002
15.96824598312378,-0.3125,25.4,2.3,0.3125
15.984635829925537,1.0625,25.4,2.3,-1.0625
16.000304222106934,2.125,25.4,2.3,-2.125
16.015182733535767,2.6875,25.4,2.3,-2.6875
16.049700498580933,3.5625,25.4,2.3,-3.5625000000000004
16.08613109588623,4.0,25.4,2.3,-4.0
16.11962080001831,3.4375,25.4,2.3,-3.4375
16.155568838119507,3.5,25.4,2.3,-3.5
16.19341206550598,3.625,25.4,2.3,-3.6250000000000004
16.228240251541138,3.75,25.4,2.3,-3.7499999999999996
16.246216773986816,4.375,25.4,2.3,-4.375
16.261106252670288,4.9375,25.4,2.3,-4.9375
16.29823398590088,5.4375,25.4,2.3,-5.4375
16.31413459777832,6.8125,25.4,2.3,-6.8125
16.347708702087402,8.625,25.4,2.3,-8.625
16.36321997642517,12.625,25.4,2.3,-12.625
16.377113580703735,15.75,25.4,2.3,-15.75
16.39835834503174,17.375,25.4,2.3,-17.375
16.433997869491577,20.625,25.4,2.3,-20.0
16.449548959732056,26.5625,25.4,2.3,-20.0
16.46632432937622,27.8125,25.4,2.3,-20.0
16.48335075378418,30.1875,25.4,2.3,-20.0
16.49811816215515,32.5,25.4,2.3,-20.0
16.515236854553223,33.5625,25.4,2.3,-20.0
16.55113410949707,35.6875,25.4,2.3,-20.0
16.586350202560425,38.5,25.4,2.3,-20.0
16.62087392807007,41.5625,25.4,2.3,-20.0
16.63836097717285,44.125,25.4,2.3,-20.0
16.67346954345703,46.3125,25.4,2.3,-20.0
16.7106351852417,50.4375,25.4,2.3,-20.0
16.746466636657715,52.1875,25.4,2.3,-20.0
16.78265142440796,54.125,25.4,2.3,-20.0
16.817189931869507,55.0625,25.4,2.3,-20.0
16.853421926498413,56.1875,25.4,2.3,-20.0
16.88946294784546,57.5625,25.4,2.3,-20.0
16.904104471206665,58.875,25.4,2.3,-20.0
16.938332557678223,59.5,25.4,2.3,-20.0
16.955263137817383,59.5,25.4,2.3,-20.0
16.98979091644287,57.6875,25.4,2.3,-20.0
17.025227546691895,53.625,25.4,2.3,-20.0
17.059317350387573,46.0,25.4,2.3,-20.0
17.077085494995117,42.3125,25.4,2.3,-20.0
17.092093467712402,41.3125,25.4,2.3,-20.0
17.125914812088013,41.125,25.4,2.3,-20.0
17.141150951385498,39.8125,25.4,2.3,-20.0
17.15510845184326,38.875,25.4,2.3,-20.0
17.189932823181152,36.3125,25.4,2.3,-20.0
17.224303722381592,31.625,25.4,2.3,-20.0
17.258967876434326,26.125,25.4,2.3,-20.0
17.275067567825317,24.0,25.4,2.3,-20.0
17.291532278060913,23.3125,25.4,2.3,-20.0
17.327893018722534,23.1875,25.4,2.3,-20.0
17.344086408615112,21.625,25.4,2.3,-20.0
17.379910945892334,19.5,25.4,2.3,-19.5
17.39608407020569,15.375,25.4,2.3,-15.375000000000002
17.413190364837646,12.4375,25.4,2.3,-12.4375
17.44919204711914,10.1875,25.4,2.3,-10.1875
17.465393543243408,7.5625,25.4,2.3,-7.5625
17.50131607055664,6.25,25.4,2.3,-6.25
17.515061855316162,5.0625,25.4,2.3,-5.0625
17.530368328094482,4.1875,25.4,2.3,-4.1875
17.548224925994873,3.6875,25.4,2.3,-3.6875000000000004
17.563101768493652,2.5,25.4,2.3,-2.5
17.57809853553772,1.0,25.4,2.3,-1.0
17.615132570266724,0.25,25.4,2.3,-0.25
17.63105297088623,-2.0625,25.4,2.3,2.0625
17.64817214012146,-2.375,25.4,2.3,2.375
17.66414737701416,-2.75,25.4,2.3,2.75
17.698390007019043,-2.875,25.4,2.3,2.875
17.733484745025635,-2.875,25.4,2.3,2.875
17.749046564102173,-2.875,25.4,2.3,2.875
17.76555371284485,-2.875,25.4,2.3,2.875
17.800950288772583,-2.9375,25.4,2.3,2.9375
17.815079927444458,-3.125,25.4,2.3,3.125
17.83126449584961,-3.5,25.4,2.3,3.5
17.84844660758972,-3.6875,25.4,2.3,3.6875000000000004
17.863232135772705,-4.0625,25.4,2.3,4.0625
17.897483825683594,-4.3125,25.4,2.3,4.3125
17.912131786346436,-4.375,25.4,2.3,4.375
17.928213119506836,-4.3125,25.4,2.3,4.3125
17.964039087295532,-4.375,25.4,2.3,4.375
17.97905731201172,-4.8125,25.4,2.3,4.8125
17.994020462036133,-5.0625,25.4,2.3,5.0625
18.02950620651245,-5.5,25.4,2.3,5.5
18.065034866333008,-6.25,25.4,2.3,6.25
18.100398302078247,-7.75,25.4,2.3,7.75
18.134145259857178,-9.625,25.4,2.3,9.625
18.168622732162476,-13.3125,25.4,2.3,13.3125
18.20641541481018,-16.75,25.4,2.3,16.75
18.240338563919067,-21.5625,25.4,2.3,20.0
18.25719690322876,-25.3125,25.4,2.3,20.0
18.27419352531433,-27.8125,25.4,2.3,20.0
18.307857513427734,-30.3125,25.4,2.3,20.0
18.344727754592896,-32.8125,25.4,2.3,20.0
18.38123059272766,-34.6875,25.4,2.3,20.0
18.398082971572876,-35.4375,25.4,2.3,20.0
18.43341040611267,-36.375,25.4,2.3,20.0
18.468480587005615,-40.0,25.4,2.3,20.0
18.48716139793396,-42.125,25.4,2.3,20.0
18.5021231174469,-42.875,25.4,2.3,20.0
18.51700448989868,-43.1875,25.4,2.3,20.0
18.536149740219116,-43.8125,25.4,2.3,20.0
18.551116704940796,-44.1875,25.4,2.3,20.0
18.585680723190308,-44.3125,25.4,2.3,20.0
18.6022629737854,-43.0,25.4,2.3,20.0
18.636992692947388,-42.3125,25.4,2.3,20.0
18.672194480895996,-40.1875,25.4,2.3,20.0
18.688016653060913,-39.9375,25.4,2.3,20.0
18.701991081237793,-39.9375,25.4,2.3,20.0
18.71916913986206,-39.875,25.4,2.3,20.0
18.755449056625366,-39.6875,25.4,2.3,20.0
18.79124903678894,-37.5625,25.4,2.3,20.0
18.80499815940857,-34.6875,25.4,2.3,20.0
18.819012880325317,-32.8125,25.4,2.3,20.0
18.85667085647583,-32.0625,25.4,2.3,20.0
18.87108874320984,-30.125,25.4,2.3,20.0
18.88938069343567,-29.5,25.4,2.3,20.0
18.906193733215332,-27.9375,25.4,2.3,20.0
18.921971321105957,-25.875,25.4,2.3,20.0
18.936978340148926,-24.6875,25.4,2.3,20.0
18.95222234725952,-22.375,25.4,2.3,20.0
18.988299131393433,-21.25,25.4,2.3,20.0
19.024304389953613,-16.4375,25.4,2.3,16.4375
19.039205312728882,-11.3125,25.4,2.3,11.3125
19.073010683059692,-10.4375,25.4,2.3,10.4375
19.08907389640808,-8.3125,25.4,2.3,8.3125
19.10408616065979,-7.75,25.4,2.3,7.75
19.140592575073242,-6.4375,25.4,2.3,6.4375
19.174211740493774,-3.5,25.4,2.3,3.5
19.210618019104004,-0.375,25.4,2.3,0.37500000000000006
19.246192693710327,0.625,25.4,2.3,-0.625
19.262054920196533,1.625,25.4,2.3,-1.625
19.298057556152344,1.875,25.4,2.3,-1.8749999999999998
19.33369278907776,2.5625,25.4,2.3,-2.5625
19.349172353744507,3.25,25.4,2.3,-3.25
19.365219593048096,3.4375,25.4,2.3,-3.4375
19.381011247634888,4.0,25.4,2.3,-4.0
19.4165620803833,4.25,25.4,2.3,-4.25
19.43308663368225,5.0625,25.4,2.3,-5.0625
19.448944568634033,5.1875,25.4,2.3,-5.1875
19.4631826877594,5.25,25.4,2.3,-5.25
19.480152130126953,5.5,25.4,2.3,-5.5
19.49708127975464,5.5625,25.4,2.3,-5.5625
19.51220440864563,5.6875,25.4,2.3,-5.6875
19.52850341796875,5.6875,25.4,2.3,-5.6875
19.54611110687256,5.625,25.4,2.3,-5.625
19.561299324035645,5.5,25.4,2.3,-5.5
19.597325325012207,5.5,25.4,2.3,-5.5
19.61317014694214,5.4375,25.4,2.3,-5.4375
19.628958225250244,5.1875,25.4,2.3,-5.1875
19.64496374130249,4.9375,25.4,2.3,-4.9375
19.661187410354614,4.25,25.4,2.3,-4.25
19.678017377853394,3.8125,25.4,2.3,-3.8125
19.69395112991333,2.9375,25.4,2.3,-2.9375
19.729779481887817,2.0625,25.4,2.3,-2.0625
19.745941638946533,1.0625,25.4,2.3,-1.0625
19.780086517333984,0.6875,25.4,2.3,-0.6875
19.797046661376953,0.4375,25.4,2.3,-0.4375
19.831390619277954,0.3125,25.4,2.3,-0.3125
19.849199295043945,0.25,25.4,2.3,-0.25
19.883593797683716,0.3125,25.4,2.3,-0.3125
19.920891284942627,0.625,25.4,2.3,-0.625
19.955912828445435,0.75,25.4,2.3,-0.7500000000000001
19.970964193344116,0.9375,25.4,2.3,-0.9374999999999999
20.006986141204834,1.0625,25.4,2.3,-1.0625
20.02402639389038,1.75,25.4,2.3,-1.75
20.038933515548706,2.0625,25.4,2.3,-2.0625
20.07245969772339,2.1875,25.4,2.3,-2.1875
20.10783314704895,2.6875,25.4,2.3,-2.6875
20.124962091445923,3.125,25.4,2.3,-3.125
20.141107320785522,3.4375,25.4,2.3,-3.4375
20.175354957580566,3.625,25.4,2.3,-3.6250000000000004
20.191134691238403,4.625,25.4,2.3,-4.625
20.207148551940918,4.875,25.4,2.3,-4.875
20.242340326309204,5.3125,25.4,2.3,-5.3125
20.259086847305298,5.4375,25.4,2.3,-5.4375
20.276130437850952,5.375,25.4,2.3,-5.375
20.310370922088623,5.3125,25.4,2.3,-5.3125
20.346954345703125,4.9375,25.4,2.3,-4.9375
20.383395671844482,4.3125,25.4,2.3,-4.3125
20.398953199386597,4.125,25.4,2.3,-4.125
20.41291046142578,4.125,25.4,2.3,-4.125
20.43006443977356,4.1875,25.4,2.3,-4.1875
20.467737674713135,4.25,25.4,2.3,-4.25
20.505590438842773,4.75,25.4,2.3,-4.75
20.519903659820557,6.375,25.4,2.3,-6.375
20.557190418243408,6.9375,25.4,2.3,-6.9375
20.571905612945557,9.5625,25.4,2.3,-9.5625
20.607491970062256,10.25,25.4,2.3,-10.25
20.6423819065094,13.125,25.4,2.3,-13.125000000000002
20.659189224243164,15.5,25.4,2.3,-15.5
20.677002668380737,17.3125,25.4,2.3,-17.3125
20.691920518875122,19.3125,25.4,2.3,-19.3125
20.72572350502014,20.25,25.4,2.3,-20.0
20.760914087295532,23.5,25.4,2.3,-20.0
20.78010368347168,26.0,25.4,2.3,-20.0
20.816697597503662,27.8125,25.4,2.3,-20.0
20.834299564361572,31.9375,25.4,2.3,-20.0
20.851047039031982,34.125,25.4,2.3,-20.0
20.885305166244507,35.3125,25.4,2.3,-20.0
20.920426607131958,38.5,25.4,2.3,-20.0
20.956233501434326,39.875,25.4,2.3,-20.0
20.99136257171631,41.125,25.4,2.3,-20.0
21.027182817459106,41.625,25.4,2.3,-20.0
21.042354822158813,44.0,25.4,2.3,-20.0
21.076014280319214,44.9375,25.4,2.3,-20.0
21.091989994049072,49.0,25.4,2.3,-20.0
21.1262423992157,49.5625,25.4,2.3,-20.0
21.162426233291626,50.3125,25.4,2.3,-20.0
21.17823600769043,47.6875,25.4,2.3,-20.0
21.197016716003418,45.6875,25.4,2.3,-20.0
21.231431245803833,44.375,25.4,2.3,-20.0
21.269639015197754,42.5625,25.4,2.3,-20.0
21.28586220741272,40.3125,25.4,2.3,-20.0
21.32143807411194,38.875,25.4,2.3,-20.0
21.337876796722412,36.5625,25.4,2.3,-20.0
21.352038383483887,34.75,25.4,2.3,-20.0
21.368000507354736,33.9375,25.4,2.3,-20.0
21.384976148605347,32.125,25.4,2.3,-20.0
21.419647216796875,29.75,25.4,2.3,-20.0
21.43802309036255,25.75,25.4,2.3,-20.0
21.453925609588623,23.3125,25.4,2.3,-20.0
21.468863010406494,22.1875,25.4,2.3,-20.0
21.5049045085907,20.0625,25.4,2.3,-20.0
21.519859552383423,15.0625,25.4,2.3,-15.062500000000002
21.534853219985962,13.8125,25.4,2.3,-13.8125
21.57025146484375,11.5625,25.4,2.3,-11.5625
21.605870723724365,7.875,25.4,2.3,-7.875
21.641820669174194,3.3125,25.4,2.3,-3.3125
21.65587615966797,0.5,25.4,2.3,-0.5
21.69097375869751,-0.9375,25.4,2.3,0.9374999999999999
21.72540783882141,-2.4375,25.4,2.3,2.4375
21.761961460113525,-3.625,25.4,2.3,3.6250000000000004
21.797633171081543,-4.25,25.4,2.3,4.25
21.81296157836914,-5.375,25.4,2.3,5.375
21.828819513320923,-5.6875,25.4,2.3,5.6875
21.847073316574097,-6.25,25.4,2.3,6.25
21.864396810531616,-6.625,25.4,2.3,6.625
21.899665117263794,-6.9375,25.4,2.3,6.9375
21.93661403656006,-7.125,25.4,2.3,7.125000000000001
21.97070574760437,-7.3125,25.4,2.3,7.3125
22.00776505470276,-8.1875,25.4,2.3,8.1875
22.046881914138794,-11.0625,25.4,2.3,11.0625
22.08085560798645,-15.6875,25.4,2.3,15.6875
22.117656707763672,-19.875,25.4,2.3,19.875
22.15128445625305,-26.375,25.4,2.3,20.0
22.185677766799927,-31.3125,25.4,2.3,20.0
22.20195460319519,-37.9375,25.4,2.3,20.0
22.237897872924805,-39.6875,25.4,2.3,20.0
22.25182604789734,-46.0625,25.4,2.3,20.0
22.268197536468506,-47.0625,25.4,2.3,20.0
22.28388285636902,-48.625,25.4,2.3,20.0
22.31923484802246,-49.25,25.4,2.3,20.0
22.356919527053833,-49.1875,25.4,2.3,20.0
22.390592575073242,-47.625,25.4,2.3,20.0
22.405879735946655,-47.4375,25.4,2.3,20.0
22.420814752578735,-47.875,25.4,2.3,20.0
22.45647358894348,-48.3125,25.4,2.3,20.0
22.47187852859497,-50.125,25.4,2.3,20.0
22.488893032073975,-50.375,25.4,2.3,20.0
22.503792762756348,-50.5,25.4,2.3,20.0
22.5209858417511,-50.1875,25.4,2.3,20.0
22.558215141296387,-49.75,25.4,2.3,20.0
22.57179284095764,-47.3125,25.4,2.3,20.0
22.60879158973694,-46.8125,25.4,2.3,20.0
22.623790502548218,-45.5625,25.4,2.3,20.0
22.661510944366455,-45.3125,25.4,2.3,20.0
22.677809476852417,-44.5625,25.4,2.3,20.0
22.691846132278442,-44.1875,25.4,2.3,20.0
22.707851886749268,-44.0,25.4,2.3,20.0
22.723855018615723,-43.5,25.4,2.3,20.0
22.75905132293701,-43.0625,25.4,2.3,20.0
22.778017282485962,-40.0625,25.4,2.3,20.0
22.811978101730347,-37.875,25.4,2.3,20.0
22.84956169128418,-34.875,25.4,2.3,20.0
22.864766836166382,-31.75,25.4,2.3,20.0
22.88096809387207,-30.6875,25.4,2.3,20.0
22.898885250091553,-30.25,25.4,2.3,20.0
22.9138081073761,-29.4375,25.4,2.3,20.0
22.94890522956848,-28.8125,25.4,2.3,20.0
22.983947038650513,-25.25,25.4,2.3,20.0
23.020817518234253,-21.625,25.4,2.3,20.0
23.057514667510986,-17.6875,25.4,2.3,17.6875
23.09299325942993,-16.5625,25.4,2.3,16.5625
23.1268949508667,-16.4375,25.4,2.3,16.4375
23.161967754364014,-16.0,25.4,2.3,16.0
23.19842839241028,-15.625,25.4,2.3,15.625000000000002
23.232537269592285,-15.6875,25.4,2.3,15.6875
23.26868748664856,-15.875,25.4,2.3,15.875000000000002
23.30313801765442,-16.125,25.4,2.3,16.125
23.319095373153687,-16.5,25.4,2.3,16.5
23.333882093429565,-16.5,25.4,2.3,16.5
23.36957311630249,-16.4375,25.4,2.3,16.4375
23.385830402374268,-13.6875,25.4,2.3,13.687500000000002
23.420777082443237,-9.5625,25.4,2.3,9.5625
23.457829236984253,-1.75,25.4,2.3,1.75
23.471757411956787,8.9375,25.4,2.3,-8.9375
23.48991370201111,11.25,25.4,2.3,-11.25
23.5067777633667,15.375,25.4,2.3,-15.375000000000002
23.52176070213318,18.9375,25.4,2.3,-18.9375
23.557236671447754,20.5625,25.4,2.3,-20.0
23.572754859924316,26.4375,25.4,2.3,-20.0
23.58874273300171,27.875,25.4,2.3,-20.0
23.604902982711792,30.6875,25.4,2.3,-20.0
23.62081503868103,32.0,25.4,2.3,-20.0
23.656904220581055,34.4375,25.4,2.3,-20.0
23.672823905944824,38.4375,25.4,2.3,-20.0
23.70920753479004,39.25,25.4,2.3,-20.0
23.72589612007141,41.5625,25.4,2.3,-20.0
23.761483192443848,41.9375,25.4,2.3,-20.0
23.796571731567383,42.5,25.4,2.3,-20.0
23.811766386032104,43.0,25.4,2.3,-20.0
23.847894191741943,43.0625,25.4,2.3,-20.0
23.883058786392212,43.8125,25.4,2.3,-20.0
23.89872169494629,44.0,25.4,2.3,-20.0
23.915882349014282,44.125,25.4,2.3,-20.0
23.951014280319214,44.125,25.4,2.3,-20.0
23.986360549926758,43.4375,25.4,2.3,-20.0
24.001771926879883,41.4375,25.4,2.3,-20.0
24.035622119903564,40.8125,25.4,2.3,-20.0
24.07084584236145,38.4375,25.4,2.3,-20.0
24.08890128135681,36.5,25.4,2.3,-20.0
24.123810052871704,35.4375,25.4,2.3,-20.0
24.13971495628357,33.625,25.4,2.3,-20.0
24.156848669052124,32.1875,25.4,2.3,-20.0
24.19194531440735,31.0,25.4,2.3,-20.0
24.22872519493103,28.625,25.4,2.3,-20.0
24.262306213378906,24.5625,25.4,2.3,-20.0
24.299062252044678,22.3125,25.4,2.3,-20.0
24.313721895217896,20.8125,25.4,2.3,-20.0
24.35086464881897,20.6875,25.4,2.3,-20.0
24.38531994819641,20.0625,25.4,2.3,-20.0
24.402839422225952,16.875,25.4,2.3,-16.875
24.437060356140137,15.875,25.4,2.3,-15.875000000000002
24.4528489112854,11.375,25.4,2.3,-11.375
24.48815608024597,10.0625,25.4,2.3,-10.0625
24.521928071975708,5.875,25.4,2.3,-5.875
24.538750648498535,3.5,25.4,2.3,-3.5
24.572312355041504,2.4375,25.4,2.3,-2.4375
24.589768171310425,1.5625,25.4,2.3,-1.5625
24.603740453720093,0.9375,25.4,2.3,-0.9374999999999999
24.617724180221558,0.625,25.4,2.3,-0.625
24.65313458442688,-0.125,25.4,2.3,0.125
24.667669534683228,-1.75,25.4,2.3,1.75
24.70430874824524,-2.75,25.4,2.3,2.75
24.738753080368042,-3.5625,25.4,2.3,3.5625000000000004
24.755883932113647,-3.5,25.4,2.3,3.5
24.770753145217896,-3.4375,25.4,2.3,3.4375
24.806132793426514,-3.25,25.4,2.3,3.25
24.822840452194214,-3.0625,25.4,2.3,3.0625
24.859861135482788,-3.0625,25.4,2.3,3.0625
24.87792992591858,-3.1875,25.4,2.3,3.1875
24.913740873336792,-3.3125,25.4,2.3,3.3125
24.932004690170288,-3.5,25.4,2.3,3.5
24.969146966934204,-3.4375,25.4,2.3,3.4375
24.98581600189209,-3.125,25.4,2.3,3.125
25.002737283706665,-2.9375,25.4,2.3,2.9375
25.036929607391357,-2.9375,25.4,2.3,2.9375
25.053774118423462,-3.4375,25.4,2.3,3.4375
25.06967306137085,-3.75,25.4,2.3,3.7499999999999996
25.103576183319092,-4.5,25.4,2.3,4.5
25.13972759246826,-6.125,25.4,2.3,6.125
25.156814575195312,-8.8125,25.4,2.3,8.8125
25.192176818847656,-10.25,25.4,2.3,10.25
25.225982904434204,-13.3125,25.4,2.3,13.3125
25.26103901863098,-16.3125,25.4,2.3,16.3125
25.28084945678711,-20.25,25.4,2.3,20.0
25.298766613006592,-22.125,25.4,2.3,20.0
25.332957983016968,-24.0625,25.4,2.3,20.0
25.369911670684814,-26.3125,25.4,2.3,20.0
25.40334129333496,-28.0,25.4,2.3,20.0
25.41980767250061,-29.0625,25.4,2.3,20.0
25.434648752212524,-30.3125,25.4,2.3,20.0
25.471450805664062,-31.125,25.4,2.3,20.0
25.50802445411682,-33.75,25.4,2.3,20.0
25.544493436813354,-34.0,25.4,2.3,20.0
25.558643579483032,-33.9375,25.4,2.3,20.0
25.594887495040894,-34.4375,25.4,2.3,20.0
25.60966992378235,-35.75,25.4,2.3,20.0
25.624998331069946,-35.8125,25.4,2.3,20.0
25.64178442955017,-35.5625,25.4,2.3,20.0
25.67593479156494,-34.625,25.4,2.3,20.0
25.693950653076172,-31.0625,25.4,2.3,20.0
25.730374336242676,-30.125,25.4,2.3,20.0
25.76825213432312,-26.8125,25.4,2.3,20.0
25.802680492401123,-24.0,25.4,2.3,20.0
25.81974720954895,-22.75,25.4,2.3,20.0
25.854981660842896,-22.0625,25.4,2.3,20.0
25.891234636306763,-21.25,25.4,2.3,20.0
25.92546033859253,-18.25,25.4,2.3,18.25
25.96197271347046,-15.3125,25.4,2.3,15.312500000000002
25.97999858856201,-13.1875,25.4,2.3,13.1875
25.99778127670288,-13.3125,25.4,2.3,13.3125
26.03230619430542,-13.625,25.4,2.3,13.625
26.049980640411377,-12.25,25.4,2.3,12.25
26.08478879928589,-9.875,25.4,2.3,9.875
26.102851152420044,-5.75,25.4,2.3,5.75
26.13793134689331,-3.5,25.4,2.3,3.5
26.154062271118164,-1.125,25.4,2.3,1.125
26.169787168502808,-0.75,25.4,2.3,0.7500000000000001
26.184666395187378,0.0625,25.4,2.3,-0.0625
26.220821142196655,0.5625,25.4,2.3,-0.5625
26.257627248764038,2.25,25.4,2.3,-2.25
26.273964405059814,3.1875,25.4,2.3,-3.1875
26.292746543884277,3.375,25.4,2.3,-3.375
26.308608055114746,3.875,25.4,2.3,-3.875
26.322622537612915,4.25,25.4,2.3,-4.25
26.340769290924072,4.3125,25.4,2.3,-4.3125
26.375852346420288,4.1875,25.4,2.3,-4.1875
26.393778085708618,3.8125,25.4,2.3,-3.8125
26.42938208580017,3.375,25.4,2.3,-3.375
26.44366192817688,2.6875,25.4,2.3,-2.6875
26.459766387939453,2.625,25.4,2.3,-2.625
26.475669145584106,2.8125,25.4,2.3,-2.8125
26.51164221763611,2.9375,25.4,2.3,-2.9375
26.528825283050537,2.5625,25.4,2.3,-2.5625
26.5631160736084,2.1875,25.4,2.3,-2.1875
26.59964609146118,1.75,25.4,2.3,-1.75
26.61459255218506,1.0625,25.4,2.3,-1.0625
26.63086986541748,0.875,25.4,2.3,-0.875
26.648759365081787,0.5625,25.4,2.3,-0.5625
26.683780193328857,0.1875,25.4,2.3,-0.18750000000000003
26.720985889434814,-0.375,25.4,2.3,0.37500000000000006
26.73558473587036,-0.5,25.4,2.3,0.5
26.751604557037354,-0.375,25.4,2.3,0.37500000000000006
26.76773238182068,0.0,25.4,2.3,-0.0
26.80342125892639,0.3125,25.4,2.3,-0.3125
26.819972276687622,1.25,25.4,2.3,-1.25
26.85461688041687,2.1875,25.4,2.3,-2.1875
26.868590593338013,3.875,25.4,2.3,-3.875
26.88477110862732,4.6875,25.4,2.3,-4.6875
26.922199487686157,5.0625,25.4,2.3,-5.0625
26.937930583953857,7.3125,25.4,2.3,-7.3125
26.954902410507202,9.375,25.4,2.3,-9.375
26.969682455062866,10.5625,25.4,2.3,-10.5625
26.984564304351807,13.1875,25.4,2.3,-13.1875
27.002228498458862,14.5,25.4,2.3,-14.500000000000002
27.02081823348999,17.1875,25.4,2.3,-17.1875
27.035597562789917,19.875,25.4,2.3,-19.875
27.05056881904602,21.125,25.4,2.3,-20.0
27.088192224502563,23.5625,25.4,2.3,-20.0
27.10362672805786,27.4375,25.4,2.3,-20.0
27.119702100753784,28.1875,25.4,2.3,-20.0
27.15476894378662,29.5625,25.4,2.3,-20.0
27.168559551239014,31.3125,25.4,2.3,-20.0
27.203908920288086,32.375,25.4,2.3,-20.0
27.21866202354431,34.0,25.4,2.3,-20.0
27.233946800231934,34.625,25.4,2.3,-20.0
27.2718243598938,34.875,25.4,2.3,-20.0
27.3071551322937,35.6875,25.4,2.3,-20.0
27.342177867889404,35.9375,25.4,2.3,-20.0
27.37824249267578,36.5625,25.4,2.3,-20.0
27.413358211517334,38.125,25.4,2.3,-20.0
27.432671308517456,39.8125,25.4,2.3,-20.0
27.4698805809021,40.875,25.4,2.3,-20.0
27.48676037788391,42.0,25.4,2.3,-20.0
27.504658222198486,41.6875,25.4,2.3,-20.0
27.519548892974854,41.0,25.4,2.3,-20.0
27.555063486099243,39.5625,25.4,2.3,-20.0
27.58914804458618,35.5625,25.4,2.3,-20.0
27.62467074394226,30.0625,25.4,2.3,-20.0
27.659847259521484,27.5625,25.4,2.3,-20.0
27.69514012336731,27.0,25.4,2.3,-20.0
27.732343435287476,27.5625,25.4,2.3,-20.0
27.748639583587646,27.5,25.4,2.3,-20.0
27.782342672348022,27.25,25.4,2.3,-20.0
27.79859972000122,26.3125,25.4,2.3,-20.0
27.81252098083496,24.3125,25.4,2.3,-20.0
27.846736431121826,23.25,25.4,2.3,-20.0
27.88098406791687,19.3125,25.4,2.3,-19.3125
27.916149139404297,13.125,25.4,2.3,-13.125000000000002
27.932495594024658,10.125,25.4,2.3,-10.125
27.947935104370117,9.0625,25.4,2.3,-9.0625
27.96468162536621,8.625,25.4,2.3,-8.625
27.981565475463867,8.3125,25.4,2.3,-8.3125
28.015881776809692,7.375,25.4,2.3,-7.375000000000001
28.03370451927185,5.1875,25.4,2.3,-5.1875
28.070048093795776,3.375,25.4,2.3,-3.375
28.105607271194458,0.0625,25.4,2.3,-0.0625
28.120533227920532,-1.3125,25.4,2.3,1.3125
28.137917041778564,-1.75,25.4,2.3,1.75
28.153754234313965,-2.0,25.4,2.3,2.0
28.187992334365845,-2.125,25.4,2.3,2.125
28.22399926185608,-2.0,25.4,2.3,2.0
28.25970458984375,-1.9375,25.4,2.3,1.9375
28.275681734085083,-1.6875,25.4,2.3,1.6875
28.31151056289673,-1.625,25.4,2.3,1.625
28.3305766582489,-1.0,25.4,2.3,1.0
28.345574140548706,-0.3125,25.4,2.3,0.3125
28.380114316940308,0.0625,25.4,2.3,-0.0625
28.39803385734558,2.3125,25.4,2.3,-2.3125
28.412514209747314,2.9375,25.4,2.3,-2.9375
28.44673228263855,4.4375,25.4,2.3,-4.4375
28.48241376876831,6.6875,25.4,2.3,-6.6875
28.519749402999878,9.75,25.4,2.3,-9.75
28.534517765045166,12.3125,25.4,2.3,-12.3125
28.552629232406616,12.875,25.4,2.3,-12.875
28.568665504455566,13.8125,25.4,2.3,-13.8125
28.583470821380615,14.25,25.4,2.3,-14.250000000000002
28.59847092628479,14.3125,25.4,2.3,-14.3125
28.614659786224365,14.0,25.4,2.3,-14.0
28.632648229599,13.6875,25.4,2.3,-13.687500000000002
28.64847755432129,12.875,25.4,2.3,-12.875
28.66263747215271,12.3125,25.4,2.3,-12.3125
28.679649829864502,11.0625,25.4,2.3,-11.0625
28.71437120437622,9.625,25.4,2.3,-9.625
28.731797218322754,7.625,25.4,2.3,-7.625
28.76769232749939,6.4375,25.4,2.3,-6.4375
28.782460927963257,5.1875,25.4,2.3,-5.1875
28.81944513320923,4.875,25.4,2.3,-4.875
28.834473133087158,5.4375,25.4,2.3,-5.4375
28.85166907310486,5.4375,25.4,2.3,-5.4375
28.866592168807983,5.5,25.4,2.3,-5.5
28.88250207901001,5.5625,25.4,2.3,-5.5625
28.8964684009552,5.75,25.4,2.3,-5.75
28.91263484954834,5.8125,25.4,2.3,-5.8125
28.929614305496216,5.625,25.4,2.3,-5.625
28.964480876922607,5.0,25.4,2.3,-5.0
29.001627206802368,3.75,25.4,2.3,-3.7499999999999996
29.035759687423706,1.875,25.4,2.3,-1.8749999999999998
29.072207927703857,1.0,25.4,2.3,-1.0
29.109861373901367,0.0,25.4,2.3,-0.0
29.14462161064148,-0.9375,25.4,2.3,0.9374999999999999
29.18014931678772,-1.6875,25.4,2.3,1.6875
29.19444990158081,-2.375,25.4,2.3,2.375
29.210742712020874,-2.5625,25.4,2.3,2.5625
29.226579189300537,-3.0,25.4,2.3,3.0000000000000004
29.242443561553955,-3.1875,25.4,2.3,3.1875
29.276233911514282,-3.6875,25.4,2.3,3.6875000000000004
29.313030004501343,-4.25,25.4,2.3,4.25
29.327951431274414,-5.0625,25.4,2.3,5.0625
29.344629764556885,-5.3125,25.4,2.3,5.3125
29.378686666488647,-5.9375,25.4,2.3,5.9375
29.414494276046753,-7.3125,25.4,2.3,7.3125
29.449970245361328,-8.125,25.4,2.3,8.125
29.4655442237854,-9.25,25.4,2.3,9.25
29.501510858535767,-9.5625,25.4,2.3,9.5625
29.51864743232727,-10.875,25.4,2.3,10.875
29.536627769470215,-11.1875,25.4,2.3,11.1875
29.573212385177612,-11.3125,25.4,2.3,11.3125
29.591660261154175,-11.5,25.4,2.3,11.5
29.606468677520752,-11.625,25.4,2.3,11.625
29.640162706375122,-11.8125,25.4,2.3,11.8125
29.674802780151367,-13.1875,25.4,2.3,13.1875
29.693695545196533,-14.3125,25.4,2.3,14.3125
29.710495710372925,-15.1875,25.4,2.3,15.1875
29.745060920715332,-16.1875,25.4,2.3,16.1875
29.780689239501953,-17.25,25.4,2.3,17.25
29.79440689086914,-19.0625,25.4,2.3,19.0625
29.830033779144287,-19.6875,25.4,2.3,19.6875
29.864629983901978,-21.875,25.4,2.3,20.0
29.883589506149292,-22.75,25.4,2.3,20.0
29.920690536499023,-22.9375,25.4,2.3,20.0
29.956974267959595,-22.5625,25.4,2.3,20.0
29.97144913673401,-22.8125,25.4,2.3,20.0
30.006869554519653,-23.4375,25.4,2.3,20.0
30.02143669128418,-24.375,25.4,2.3,20.0
30.055404901504517,-24.5,25.4,2.3,20.0
30.07143259048462,-24.5,25.4,2.3,20.0
30.104844570159912,-24.0625,25.4,2.3,20.0
30.121577978134155,-23.125,25.4,2.3,20.0
30.135651350021362,-22.375,25.4,2.3,20.0
30.15142512321472,-22.0625,25.4,2.3,20.0
30.18706512451172,-21.375,25.4,2.3,20.0
30.203405380249023,-20.125,25.4,2.3,20.0
30.239295482635498,-19.1875,25.4,2.3,19.1875
30.274585247039795,-18.0,25.4,2.3,18.0
30.29262924194336,-17.4375,25.4,2.3,17.4375
30.307433128356934,-17.25,25.4,2.3,17.25
30.34256887435913,-17.1875,25.4,2.3,17.1875
30.358529090881348,-16.625,25.4,2.3,16.625
30.374377012252808,-16.5,25.4,2.3,16.5
30.409974336624146,-16.3125,25.4,2.3,16.3125
30.42655324935913,-15.125,25.4,2.3,15.125
30.442389249801636,-14.75,25.4,2.3,14.750000000000002
30.4767644405365,-14.375,25.4,2.3,14.375
30.512937784194946,-14.3125,25.4,2.3,14.3125
30.529500484466553,-14.625,25.4,2.3,14.625
30.545544624328613,-15.0,25.4,2.3,14.999999999999998
30.56041669845581,-15.375,25.4,2.3,15.375000000000002
30.575374126434326,-16.125,25.4,2.3,16.125
30.593573808670044,-16.4375,25.4,2.3,16.4375
30.608479738235474,-16.75,25.4,2.3,16.75
30.623635053634644,-16.6875,25.4,2.3,16.6875
30.639565229415894,-16.3125,25.4,2.3,16.3125
30.657606840133667,-15.3125,25.4,2.3,15.312500000000002
30.67246913909912,-14.75,25.4,2.3,14.750000000000002
30.687430381774902,-13.625,25.4,2.3,13.625
30.706544876098633,-13.1875,25.4,2.3,13.1875
30.722668886184692,-12.5625,25.4,2.3,12.562500000000002
30.737494707107544,-12.0,25.4,2.3,12.000000000000002
30.77275061607361,-11.75,25.4,2.3,11.75
30.788416147232056,-10.75,25.4,2.3,10.75
30.824172735214233,-10.5625,25.4,2.3,10.5625
30.862069129943848,-10.125,25.4,2.3,10.125
30.896106481552124,-10.375,25.4,2.3,10.375
30.930585145950317,-11.25,25.4,2.3,11.25
30.966116189956665,-12.5625,25.4,2.3,12.562500000000002
31.002294063568115,-14.25,25.4,2.3,14.250000000000002
31.03863000869751,-16.5625,25.4,2.3,16.5625
31.057465314865112,-18.5,25.4,2.3,18.5
31.0946524143219,-27.6875,25.4,2.3,20.0
31.130026817321777,-21.375,25.4,2.3,20.0
31.145387172698975,-19.3125,25.4,2.3,19.3125
31.178977251052856,-18.375,25.4,2.3,18.375
31.195473194122314,-15.9375,25.4,2.3,15.937500000000002
31.230345964431763,-14.5625,25.4,2.3,14.5625
31.24646019935608,-12.5,25.4,2.3,12.5
31.28057050704956,-12.0,25.4,2.3,12.000000000000002
31.316415071487427,-10.4375,25.4,2.3,10.4375
31.332379579544067,-9.75,25.4,2.3,9.75
31.36590838432312,-9.3125,25.4,2.3,9.3125
31.383366346359253,-8.5625,25.4,2.3,8.5625
31.416868925094604,-7.5,25.4,2.3,7.499999999999999
31.43542790412903,-5.5625,25.4,2.3,5.5625
31.451356172561646,-4.1875,25.4,2.3,4.1875
31.487948417663574,-3.0625,25.4,2.3,3.0625
31.505359888076782,-1.6875,25.4,2.3,1.6875
31.538875818252563,-0.625,25.4,2.3,0.625
31.556685209274292,1.0625,25.4,2.3,-1.0625
31.59049963951111,2.0625,25.4,2.3,-2.0625
31.626412868499756,2.6875,25.4,2.3,-2.6875
31.644607067108154,2.6875,25.4,2.3,-2.6875
31.68104577064514,2.875,25.4,2.3,-2.875
31.715328693389893,3.25,25.4,2.3,-3.25
31.75214648246765,3.3125,25.4,2.3,-3.3125
31.788180112838745,3.5625,25.4,2.3,-3.5625000000000004
31.80532956123352,3.6875,25.4,2.3,-3.6875000000000004
31.841197967529297,3.6875,25.4,2.3,-3.6875000000000004
31.87651824951172,3.75,25.4,2.3,-3.7499999999999996
31.91429114341736,4.0625,25.4,2.3,-4.0625
31.947810649871826,4.6875,25.4,2.3,-4.6875
31.9636869430542,-2043.0625,25.4,2.3,20.0
31.998172760009766,4.875,25.4,2.3,-4.875
32.03375744819641,4.9375,25.4,2.3,-4.9375
32.06761693954468,5.6875,25.4,2.3,-5.6875
32.084370374679565,6.0625,25.4,2.3,-6.0625
32.09831190109253,6.125,25.4,2.3,-6.125
32.13381266593933,6.25,25.4,2.3,-6.25
32.16807699203491,7.375,25.4,2.3,-7.375000000000001
32.2054808139801,8.3125,25.4,2.3,-8.3125
32.23890209197998,8.375,25.4,2.3,-8.375
32.256386041641235,9.3125,25.4,2.3,-9.3125
32.271360874176025,10.625,25.4,2.3,-10.625
32.28663372993469,11.8125,25.4,2.3,-11.8125
32.32461714744568,12.1875,25.4,2.3,-12.1875
32.35820150375366,12.25,25.4,2.3,-12.25
32.37442398071289,11.0625,25.4,2.3,-11.0625
32.389320611953735,10.25,25.4,2.3,-10.25
32.40562415122986,10.125,25.4,2.3,-10.125
32.441545724868774,10.125,25.4,2.3,-10.125
32.47641158103943,10.125,25.4,2.3,-10.125
32.493327617645264,9.375,25.4,2.3,-9.375
32.52775597572327,9.0,25.4,2.3,-9.0
32.56537127494812,9.1875,25.4,2.3,-9.1875
32.601096630096436,10.0,25.4,2.3,-10.0
32.61649775505066,10.75,25.4,2.3,-10.75
32.65155029296875,11.3125,25.4,2.3,-11.3125
32.687106132507324,12.75,25.4,2.3,-12.75
32.7065327167511,13.375,25.4,2.3,-13.375
32.72238373756409,13.75,25.4,2.3,-13.75
32.73729205131531,14.25,25.4,2.3,-14.250000000000002
32.753456354141235,14.5,25.4,2.3,-14.500000000000002
32.77060508728027,15.0625,25.4,2.3,-15.062500000000002
32.78639769554138,15.5,25.4,2.3,-15.5
32.82223653793335,15.6875,25.4,2.3,-15.6875
32.857293128967285,15.4375,25.4,2.3,-15.4375
32.8910813331604,14.6875,25.4,2.3,-14.6875
32.907387018203735,14.8125,25.4,2.3,-14.812500000000002
32.9222674369812,15.0625,25.4,2.3,-15.062500000000002
32.93625783920288,15.875,25.4,2.3,-15.875000000000002
32.954423666000366,16.25,25.4,2.3,-16.25
32.969319105148315,16.875,25.4,2.3,-16.875
33.00496029853821,17.0625,25.4,2.3,-17.0625
33.02043628692627,17.3125,25.4,2.3,-17.3125
33.05694913864136,16.9375,25.4,2.3,-16.9375
33.09052014350891,16.375,25.4,2.3,-16.375
33.12733316421509,15.875,25.4,2.3,-15.875000000000002
33.14468002319336,16.0,25.4,2.3,-16.0
33.18005132675171,16.625,25.4,2.3,-16.625
33.195412397384644,18.1875,25.4,2.3,-18.1875
33.21141076087952,19.0,25.4,2.3,-19.0
33.247175216674805,19.875,25.4,2.3,-19.875
33.284632444381714,20.8125,25.4,2.3,-20.0
33.32046461105347,22.0,25.4,2.3,-20.0
33.33770561218262,22.0625,25.4,2.3,-20.0
33.3737850189209,21.625,25.4,2.3,-20.0
33.38958978652954,19.125,25.4,2.3,-19.125
33.42607760429382,18.3125,25.4,2.3,-18.3125
33.44377040863037,15.875,25.4,2.3,-15.875000000000002
33.45930624008179,14.75,25.4,2.3,-14.750000000000002
33.475313663482666,14.4375,25.4,2.3,-14.437499999999998
33.49025821685791,14.0,25.4,2.3,-14.0
33.527029514312744,13.75,25.4,2.3,-13.75
33.562920570373535,13.4375,25.4,2.3,-13.4375
33.59840250015259,13.3125,25.4,2.3,-13.3125
33.63241505622864,13.8125,25.4,2.3,-13.8125
33.66776704788208,14.6875,25.4,2.3,-14.6875
33.70548367500305,15.8125,25.4,2.3,-15.8125
33.720264196395874,17.1875,25.4,2.3,-17.1875
33.73625421524048,17.5,25.4,2.3,-17.5
33.753451108932495,18.125,25.4,2.3,-18.125
33.76923322677612,18.0,25.4,2.3,-18.0
33.804864168167114,17.5,25.4,2.3,-17.5
33.82139849662781,14.25,25.4,2.3,-14.250000000000002
33.85637950897217,11.4375,25.4,2.3,-11.4375
33.873497009277344,6.25,25.4,2.3,-6.25
33.889227867126465,3.125,25.4,2.3,-3.125
33.90520095825195,1.9375,25.4,2.3,-1.9375
33.94066548347473,0.0625,25.4,2.3,-0.0625
33.957369327545166,-1.25,25.4,2.3,1.25
33.972201347351074,-1.125,25.4,2.3,1.125
33.98943495750427,-0.75,25.4,2.3,0.7500000000000001
34.02617359161377,-0.4375,25.4,2.3,0.4375
34.04547905921936,1.625,25.4,2.3,-1.625
34.081974267959595,2.5625,25.4,2.3,-2.5625
34.099849224090576,3.75,25.4,2.3,-3.7499999999999996
34.135942697525024,4.0,25.4,2.3,-4.0
34.15032601356506,5.25,25.4,2.3,-5.25
34.18895077705383,5.8125,25.4,2.3,-5.8125
34.20420718193054,6.875,25.4,2.3,-6.875
34.240400552749634,7.625,25.4,2.3,-7.625
34.25618124008179,8.75,25.4,2.3,-8.75
34.293227434158325,9.6875,25.4,2.3,-9.6875
34.32774829864502,10.75,25.4,2.3,-10.75
34.36482071876526,10.3125,25.4,2.3,-10.3125
34.37922477722168,9.875,25.4,2.3,-9.875
34.39754128456116,9.625,25.4,2.3,-9.625
34.41341233253479,9.125,25.4,2.3,-9.125
34.44762635231018,8.5,25.4,2.3,-8.5
34.48263597488403,6.9375,25.4,2.3,-6.9375
34.51677942276001,4.25,25.4,2.3,-4.25
34.55310344696045,2.125,25.4,2.3,-2.125
34.5686399936676,0.125,25.4,2.3,-0.125
34.605984687805176,0.0,25.4,2.3,-0.0
34.639551401138306,-0.5,25.4,2.3,0.5
34.676631689071655,-1.5,25.4,2.3,1.5000000000000002
34.71297335624695,-4.0625,25.4,2.3,4.0625
34.728214502334595,-6.9375,25.4,2.3,6.9375
34.76347875595093,-7.6875,25.4,2.3,7.687500000000001
34.798421144485474,-10.625,25.4,2.3,10.625
34.834582805633545,-12.75,25.4,2.3,12.75
34.84917092323303,-15.8125,25.4,2.3,15.8125
34.8631637096405,-16.5625,25.4,2.3,16.5625
34.88051986694336,-18.0625,25.4,2.3,18.0625
34.89826679229736,-18.8125,25.4,2.3,18.8125
34.93241500854492,-20.125,25.4,2.3,20.0
34.97023105621338,-21.625,25.4,2.3,20.0
34.986167430877686,-21.5,25.4,2.3,20.0
35.02523875236511,-21.3125,25.4,2.3,20.0
35.03915214538574,-21.3125,25.4,2.3,20.0
35.07675647735596,-21.3125,25.4,2.3,20.0
35.11192011833191,-21.5625,25.4,2.3,20.0
35.1492133140564,-21.25,25.4,2.3,20.0
35.184486627578735,-21.75,25.4,2.3,20.0
35.200432777404785,-23.5625,25.4,2.3,20.0
35.2141387462616,-24.25,25.4,2.3,20.0
35.23033690452576,-25.8125,25.4,2.3,20.0
35.248433351516724,-26.6875,25.4,2.3,20.0
35.26314616203308,-27.3125,25.4,2.3,20.0
35.27833652496338,-26.9375,25.4,2.3,20.0
35.296236515045166,-26.4375,25.4,2.3,20.0
35.31152677536011,-24.875,25.4,2.3,20.0
35.345688581466675,-23.875,25.4,2.3,20.0
35.36365294456482,-19.1875,25.4,2.3,19.1875
35.378146171569824,-17.875,25.4,2.3,17.875
35.4138560295105,-17.625,25.4,2.3,17.625
35.44834542274475,-17.625,25.4,2.3,17.625
35.48440146446228,-17.875,25.4,2.3,17.875
35.51964092254639,-18.375,25.4,2.3,18.375
35.537315130233765,-19.375,25.4,2.3,19.375
35.57365322113037,-20.4375,25.4,2.3,20.0
35.60982084274292,-22.5,25.4,2.3,20.0
35.64334201812744,-22.5625,25.4,2.3,20.0
35.65922832489014,-21.625,25.4,2.3,20.0
35.693976402282715,-21.3125,25.4,2.3,20.0
35.71130895614624,-21.5625,25.4,2.3,20.0
35.72615075111389,-21.75,25.4,2.3,20.0
35.76021146774292,-22.3125,25.4,2.3,20.0
35.79586839675903,-22.25,25.4,2.3,20.0
35.829596757888794,-20.875,25.4,2.3,20.0
35.86636161804199,-20.4375,25.4,2.3,20.0
35.88351058959961,-20.4375,25.4,2.3,20.0
35.91948580741882,-21.0625,25.4,2.3,20.0
35.95480275154114,-22.625,25.4,2.3,20.0
35.970187187194824,-22.0,25.4,2.3,20.0
36.005523681640625,-21.3125,25.4,2.3,20.0
36.04108214378357,-17.75,25.4,2.3,17.75
36.058462381362915,-14.25,25.4,2.3,14.250000000000002
36.09433960914612,-12.1875,25.4,2.3,12.1875
36.10812759399414,-9.1875,25.4,2.3,9.1875
36.12433075904846,-8.5625,25.4,2.3,8.5625
36.159424781799316,-7.25,25.4,2.3,7.250000000000001
36.193074226379395,-4.75,25.4,2.3,4.75
36.228646993637085,-1.25,25.4,2.3,1.25
36.246328353881836,0.125,25.4,2.3,-0.125
36.262202739715576,0.625,25.4,2.3,-0.625
36.29759192466736,0.8125,25.4,2.3,-0.8125
36.33309745788574,1.4375,25.4,2.3,-1.4375
36.36750841140747,2.5,25.4,2.3,-2.5
36.38524866104126,3.375,25.4,2.3,-3.375
36.400089502334595,3.75,25.4,2.3,-3.7499999999999996
36.414093255996704,3.8125,25.4,2.3,-3.8125
36.43029260635376,4.0625,25.4,2.3,-4.0625
36.467533111572266,4.1875,25.4,2.3,-4.1875
36.50411081314087,4.875,25.4,2.3,-4.875
36.53834342956543,5.3125,25.4,2.3,-5.3125
36.57614088058472,5.9375,25.4,2.3,-5.9375
36.59006142616272,7.625,25.4,2.3,-7.625
36.60724759101868,8.25,25.4,2.3,-8.25
36.623199224472046,9.625,25.4,2.3,-9.625
36.65876126289368,10.875,25.4,2.3,-10.875
36.67529344558716,12.4375,25.4,2.3,-12.4375
36.70983290672302,13.6875,25.4,2.3,-13.687500000000002
36.726247787475586,16.1875,25.4,2.3,-16.1875
36.74225568771362,17.75,25.4,2.3,-17.75
36.75805473327637,18.5,25.4,2.3,-18.5
36.772066831588745,20.25,25.4,2.3,-20.0
36.80816173553467,21.125,25.4,2.3,-20.0
36.84268403053284,23.5625,25.4,2.3,-20.0
36.878758668899536,24.8125,25.4,2.3,-20.0
36.914092779159546,25.375,25.4,2.3,-20.0
36.93007040023804,26.6875,25.4,2.3,-20.0
36.96582627296448,27.25,25.4,2.3,-20.0
37.001516342163086,29.5,25.4,2.3,-20.0
37.016085147857666,30.0,25.4,2.3,-20.0
37.05174946784973,29.9375,25.4,2.3,-20.0
37.06605362892151,28.9375,25.4,2.3,-20.0
37.10286474227905,27.5625,25.4,2.3,-20.0
37.1373929977417,25.9375,25.4,2.3,-20.0
37.17436194419861,24.0,25.4,2.3,-20.0
37.20844006538391,22.8125,25.4,2.3,-20.0
37.22409510612488,23.625,25.4,2.3,-20.0
37.25874090194702,24.5625,25.4,2.3,-20.0
37.27624273300171,25.9375,25.4,2.3,-20.0
37.310364961624146,25.9375,25.4,2.3,-20.0
37.345760345458984,25.3125,25.4,2.3,-20.0
37.37958765029907,22.8125,25.4,2.3,-20.0
37.397241830825806,21.9375,25.4,2.3,-20.0
37.412070989608765,22.0,25.4,2.3,-20.0
37.4261679649353,22.0,25.4,2.3,-20.0
37.44321537017822,22.0625,25.4,2.3,-20.0
37.459046602249146,21.375,25.4,2.3,-20.0
37.47402906417847,20.875,25.4,2.3,-20.0
37.49060535430908,19.6875,25.4,2.3,-19.6875
37.509167432785034,18.8125,25.4,2.3,-18.8125
37.52401804924011,16.4375,25.4,2.3,-16.4375
37.55824875831604,13.5,25.4,2.3,-13.5
37.57408165931702,9.25,25.4,2.3,-9.25
37.5890691280365,6.875,25.4,2.3,-6.875
37.60545229911804,5.8125,25.4,2.3,-5.8125
37.6430230140686,3.9375,25.4,2.3,-3.9375
37.67785382270813,1.25,25.4,2.3,-1.25
37.6930787563324,-1.5625,25.4,2.3,1.5625
37.708980083465576,-2.1875,25.4,2.3,2.1875
37.7244975566864,-3.3125,25.4,2.3,3.3125
37.74102544784546,-4.125,25.4,2.3,4.125
37.75701665878296,-4.375,25.4,2.3,4.375
37.77099299430847,-4.6875,25.4,2.3,4.6875
37.78836274147034,-4.8125,25.4,2.3,4.8125
37.80615949630737,-4.6875,25.4,2.3,4.6875
37.8210129737854,-4.3125,25.4,2.3,4.3125
37.856473207473755,-3.9375,25.4,2.3,3.9375
37.89148664474487,-2.1875,25.4,2.3,2.1875
37.909149169921875,-1.625,25.4,2.3,1.625
37.92414903640747,-1.75,25.4,2.3,1.75
37.95869183540344,-2.0625,25.4,2.3,2.0625
37.994149923324585,-2.25,25.4,2.3,2.25
38.02874445915222,-1.9375,25.4,2.3,1.9375
38.046104192733765,-1.5,25.4,2.3,1.5000000000000002
38.08015060424805,-1.25,25.4,2.3,1.25
38.09815764427185,-1.0625,25.4,2.3,1.0625
38.11319589614868,-1.125,25.4,2.3,1.125
38.12805414199829,-1.1875,25.4,2.3,1.1875
38.164348125457764,-1.5625,25.4,2.3,1.5625
38.180206060409546,-2.5625,25.4,2.3,2.5625
38.19599914550781,-2.9375,25.4,2.3,2.9375
38.211140871047974,-3.75,25.4,2.3,3.7499999999999996
38.22807264328003,-4.25,25.4,2.3,4.25
38.243021965026855,-5.375,25.4,2.3,5.375
38.25897765159607,-5.875,25.4,2.3,5.875
38.274096965789795,-6.875,25.4,2.3,6.875
38.30991458892822,-8.0625,25.4,2.3,8.0625
38.34550976753235,-9.6875,25.4,2.3,9.6875
38.359970569610596,-11.125,25.4,2.3,11.125
38.37396955490112,-11.25,25.4,2.3,11.25
38.40980839729309,-11.5,25.4,2.3,11.5
38.423964500427246,-11.875,25.4,2.3,11.875
38.45922541618347,-11.9375,25.4,2.3,11.9375
38.493576765060425,-11.875,25.4,2.3,11.875
38.510101079940796,-11.4375,25.4,2.3,11.4375
38.545560359954834,-11.3125,25.4,2.3,11.3125
38.562256813049316,-11.75,25.4,2.3,11.75
38.578304290771484,-11.8125,25.4,2.3,11.8125
38.59397292137146,-12.125,25.4,2.3,12.125
38.62867283821106,-12.4375,25.4,2.3,12.4375
38.64503526687622,-13.875,25.4,2.3,13.875
38.680471897125244,-14.5,25.4,2.3,14.500000000000002
38.69912934303284,-15.1875,25.4,2.3,15.1875
38.71397304534912,-15.3125,25.4,2.3,15.312500000000002
38.748157262802124,-15.3125,25.4,2.3,15.312500000000002
38.78313088417053,-15.125,25.4,2.3,15.125
38.80164051055908,-15.0,25.4,2.3,14.999999999999998
38.818037271499634,-15.125,25.4,2.3,15.125
38.8319833278656,-15.5625,25.4,2.3,15.562499999999998
38.86773061752319,-15.75,25.4,2.3,15.75
38.90243697166443,-15.625,25.4,2.3,15.625000000000002
38.91809701919556,-14.9375,25.4,2.3,14.9375
38.93507504463196,-14.5,25.4,2.3,14.500000000000002
38.969672441482544,-14.5,25.4,2.3,14.500000000000002
38.98706674575806,-14.625,25.4,2.3,14.625
39.02113580703735,-14.5,25.4,2.3,14.500000000000002
39.039074420928955,-14.3125,25.4,2.3,14.3125
39.05713081359863,-14.3125,25.4,2.3,14.3125
39.072031021118164,-14.8125,25.4,2.3,14.812500000000002
39.08693075180054,-15.1875,25.4,2.3,15.1875
39.10313844680786,-15.8125,25.4,2.3,15.8125
39.119014739990234,-16.0,25.4,2.3,16.0
39.15431261062622,-15.8125,25.4,2.3,15.8125
39.189515352249146,-14.5,25.4,2.3,14.500000000000002
39.20492887496948,-12.25,25.4,2.3,12.25
39.24107050895691,-11.25,25.4,2.3,11.25
39.25694942474365,-10.0625,25.4,2.3,10.0625
39.291996479034424,-9.6875,25.4,2.3,9.6875
39.307990312576294,-10.0,25.4,2.3,10.0
39.32194781303406,-10.0625,25.4,2.3,10.0625
39.358124017715454,-10.0,25.4,2.3,10.0
39.392601013183594,-9.375,25.4,2.3,9.375
39.42948293685913,-8.3125,25.4,2.3,8.3125
39.46392846107483,-6.8125,25.4,2.3,6.8125
39.47998905181885,-6.5,25.4,2.3,6.5
39.49595236778259,-6.4375,25.4,2.3,6.4375
39.51034355163574,-6.3125,25.4,2.3,6.3125
39.52707624435425,-6.125,25.4,2.3,6.125
39.56161165237427,-5.375,25.4,2.3,5.375
39.59726142883301,-3.5,25.4,2.3,3.5
39.63167190551758,-0.5625,25.4,2.3,0.5625
39.65010690689087,0.6875,25.4,2.3,-0.6875
39.66492223739624,1.1875,25.4,2.3,-1.1875
39.67990207672119,2.0,25.4,2.3,-2.0
39.7170205116272,2.5625,25.4,2.3,-2.5625
39.730918169021606,4.875,25.4,2.3,-4.875
39.7469322681427,5.375,25.4,2.3,-5.375
39.78049159049988,6.75,25.4,2.3,-6.75
39.79698204994202,8.8125,25.4,2.3,-8.8125
39.81185841560364,10.125,25.4,2.3,-10.125
39.82811999320984,10.9375,25.4,2.3,-10.9375
39.865694999694824,12.9375,25.4,2.3,-12.9375
39.89989423751831,16.875,25.4,2.3,-16.875
39.915184020996094,19.5,25.4,2.3,-19.5
39.950056076049805,21.625,25.4,2.3,-20.0
39.985732316970825,24.875,25.4,2.3,-20.0
40.00246834754944,27.875,25.4,2.3,-20.0
40.037423849105835,28.375,25.4,2.3,-20.0
40.05189752578735,29.125,25.4,2.3,-20.0
40.08797264099121,28.9375,25.4,2.3,-20.0
40.12303686141968,28.1875,25.4,2.3,-20.0
40.1604106426239,26.375,25.4,2.3,-20.0
40.195308446884155,25.5625,25.4,2.3,-20.0
40.2304253578186,26.6875,25.4,2.3,-20.0
40.2669997215271,28.75,25.4,2.3,-20.0
40.30104899406433,32.375,25.4,2.3,-20.0
40.318044662475586,35.1875,25.4,2.3,-20.0
40.35298705101013,36.75,25.4,2.3,-20.0
40.36899471282959,38.5625,25.4,2.3,-20.0
40.403624534606934,38.0625,25.4,2.3,-20.0
40.41916871070862,36.0625,25.4,2.3,-20.0
40.436169385910034,34.0625,25.4,2.3,-20.0
40.470444202423096,31.6875,25.4,2.3,-20.0
40.48800325393677,27.5625,25.4,2.3,-20.0
40.503891468048096,25.125,25.4,2.3,-20.0
40.518898010253906,24.1875,25.4,2.3,-20.0
40.53396487236023,23.0,25.4,2.3,-20.0
40.570038080215454,22.1875,25.4,2.3,-20.0
40.58596420288086,21.5,25.4,2.3,-20.0
40.603261947631836,21.3125,25.4,2.3,-20.0
40.639546155929565,21.1875,25.4,2.3,-20.0
40.67435646057129,19.8125,25.4,2.3,-19.8125
40.70942735671997,18.1875,25.4,2.3,-18.1875
40.74516558647156,16.875,25.4,2.3,-16.875
40.760849714279175,15.875,25.4,2.3,-15.875000000000002
40.7774076461792,15.875,25.4,2.3,-15.875000000000002
40.795135498046875,15.875,25.4,2.3,-15.875000000000002
40.83113217353821,15.25,25.4,2.3,-15.25
40.84999990463257,13.0625,25.4,2.3,-13.0625
40.86591911315918,11.1875,25.4,2.3,-11.1875
40.87985706329346,9.0,25.4,2.3,-9.0
40.91765999794006,7.875,25.4,2.3,-7.875
40.95204496383667,4.8125,25.4,2.3,-4.8125
40.96798801422119,4.25,25.4,2.3,-4.25
41.00255584716797,4.1875,25.4,2.3,-4.1875
41.041783809661865,4.375,25.4,2.3,-4.375
41.07730484008789,4.0625,25.4,2.3,-4.0625
41.092883586883545,3.3125,25.4,2.3,-3.3125
41.12808012962341,3.1875,25.4,2.3,-3.1875
41.1660053730011,2.625,25.4,2.3,-2.625
41.20326471328735,1.625,25.4,2.3,-1.625
41.21801471710205,0.75,25.4,2.3,-0.7500000000000001
41.23314833641052,0.3125,25.4,2.3,-0.3125
41.26989483833313,0.0,25.4,2.3,-0.0
41.30443716049194,-0.5,25.4,2.3,0.5
41.33959770202637,-1.1875,25.4,2.3,1.1875
41.37705707550049,-2.125,25.4,2.3,2.125
41.41166353225708,-3.25,25.4,2.3,3.25
41.44645810127258,-4.5,25.4,2.3,4.5
41.46093010902405,-6.875,25.4,2.3,6.875
41.497175455093384,-7.625,25.4,2.3,7.625
41.53136491775513,-11.375,25.4,2.3,11.375
41.5499746799469,-14.625,25.4,2.3,14.625
41.56479501724243,-16.6875,25.4,2.3,16.6875
41.57984733581543,-17.625,25.4,2.3,17.625
41.61781406402588,-19.4375,25.4,2.3,19.4375
41.63286566734314,-21.5,25.4,2.3,20.0
41.65109610557556,-21.875,25.4,2.3,20.0
41.667935609817505,-22.625,25.4,2.3,20.0
41.68281030654907,-22.9375,25.4,2.3,20.0
41.6988205909729,-23.0,25.4,2.3,20.0
41.716039419174194,-23.25,25.4,2.3,20.0
41.75231146812439,-23.6875,25.4,2.3,20.0
41.770028829574585,-24.0,25.4,2.3,20.0
41.787829875946045,-23.8125,25.4,2.3,20.0
41.822052001953125,-23.8125,25.4,2.3,20.0
41.8585147857666,-23.9375,25.4,2.3,20.0
41.89198541641235,-25.4375,25.4,2.3,20.0
41.90989446640015,-26.9375,25.4,2.3,20.0
41.94387674331665,-28.3125,25.4,2.3,20.0
41.98081564903259,-32.125,25.4,2.3,20.0
42.016173124313354,-34.625,25.4,2.3,20.0
42.03183603286743,-38.125,25.4,2.3,20.0
42.04782032966614,-39.25,25.4,2.3,20.0
42.08292198181152,-42.125,25.4,2.3,20.0
42.11879754066467,-45.6875,25.4,2.3,20.0
42.154629945755005,-48.0625,25.4,2.3,20.0
42.16980028152466,-49.25,25.4,2.3,20.0
42.207536935806274,-50.5,25.4,2.3,20.0
42.22200918197632,-53.25,25.4,2.3,20.0
42.23776602745056,-53.4375,25.4,2.3,20.0
42.253939390182495,-53.0,25.4,2.3,20.0
42.269919872283936,-52.4375,25.4,2.3,20.0
42.30583047866821,-51.125,25.4,2.3,20.0
42.32189464569092,-48.625,25.4,2.3,20.0
42.3388147354126,-48.1875,25.4,2.3,20.0
42.37249207496643,-47.5,25.4,2.3,20.0
42.40907573699951,-46.125,25.4,2.3,20.0
42.44402074813843,-43.25,25.4,2.3,20.0
42.46076536178589,-41.1875,25.4,2.3,20.0
42.47477579116821,-40.375,25.4,2.3,20.0
42.492032527923584,-40.0625,25.4,2.3,20.0
42.52848434448242,-39.75,25.4,2.3,20.0
42.54309868812561,-35.0,25.4,2.3,20.0
42.58047580718994,-33.1875,25.4,2.3,20.0
42.5957727432251,-27.625,25.4,2.3,20.0
42.63180661201477,-26.25,25.4,2.3,20.0
42.64777374267578,-24.125,25.4,2.3,20.0
42.66239905357361,-21.9375,25.4,2.3,20.0
42.6799099445343,-20.75,25.4,2.3,20.0
42.715341329574585,-18.5,25.4,2.3,18.5
42.73098278045654,-13.8125,25.4,2.3,13.8125
42.74892568588257,-12.5625,25.4,2.3,12.562500000000002
42.783836126327515,-10.4375,25.4,2.3,10.4375
42.80199909210205,-7.4375,25.4,2.3,7.4375
42.81780195236206,-5.75,25.4,2.3,5.75
42.85236072540283,-4.3125,25.4,2.3,4.3125
42.86801791191101,-2.1875,25.4,2.3,2.1875
42.9021418094635,-0.6875,25.4,2.3,0.6875
42.93683743476868,1.125,25.4,2.3,-1.125
42.97114157676697,2.9375,25.4,2.3,-2.9375
42.98883366584778,4.125,25.4,2.3,-4.125
43.0037305355072,5.25,25.4,2.3,-5.25
43.037129640579224,5.875,25.4,2.3,-5.875
43.072471141815186,7.75,25.4,2.3,-7.75
43.10971665382385,8.5625,25.4,2.3,-8.5625
43.12373733520508,10.6875,25.4,2.3,-10.6875
43.138733863830566,11.375,25.4,2.3,-11.375
43.15487027168274,12.75,25.4,2.3,-12.75
43.189494132995605,13.5,25.4,2.3,-13.5
43.20375943183899,16.6875,25.4,2.3,-16.6875
43.21983599662781,17.5625,25.4,2.3,-17.5625
43.23783874511719,19.1875,25.4,2.3,-19.1875
43.252724170684814,20.4375,25.4,2.3,-20.0
43.269325971603394,20.9375,25.4,2.3,-20.0
43.28589177131653,21.625,25.4,2.3,-20.0
43.32126426696777,22.1875,25.4,2.3,-20.0
43.35905599594116,22.8125,25.4,2.3,-20.0
43.373690605163574,23.625,25.4,2.3,-20.0
43.411463260650635,24.0,25.4,2.3,-20.0
43.42588138580322,25.5625,25.4,2.3,-20.0
43.44072961807251,25.8125,25.4,2.3,-20.0
43.47735261917114,26.5625,25.4,2.3,-20.0
43.512038230895996,27.0,25.4,2.3,-20.0
43.54813575744629,27.3125,25.4,2.3,-20.0
43.56275677680969,28.375,25.4,2.3,-20.0
43.57779240608215,28.625,25.4,2.3,-20.0
43.6130850315094,29.1875,25.4,2.3,-20.0
43.64789843559265,29.25,25.4,2.3,-20.0
43.68182134628296,29.1875,25.4,2.3,-20.0
43.69997262954712,29.375,25.4,2.3,-20.0
43.716811656951904,29.8125,25.4,2.3,-20.0
43.75200438499451,30.75,25.4,2.3,-20.0
43.78740620613098,31.125,25.4,2.3,-20.0
43.82154297828674,31.3125,25.4,2.3,-20.0
43.8580961227417,31.4375,25.4,2.3,-20.0
43.89282989501953,30.75,25.4,2.3,-20.0
43.928122758865356,30.5,25.4,2.3,-20.0
43.94383120536804,29.6875,25.4,2.3,-20.0
43.9801549911499,29.625,25.4,2.3,-20.0
43.998769998550415,29.8125,25.4,2.3,-20.0
44.03414273262024,28.9375,25.4,2.3,-20.0
44.07083034515381,26.3125,25.4,2.3,-20.0
44.10617971420288,20.625,25.4,2.3,-20.0
44.14160132408142,16.25,25.4,2.3,-16.25
44.176411628723145,14.6875,25.4,2.3,-14.6875
44.21120524406433,14.5625,25.4,2.3,-14.5625
44.247172117233276,14.625,25.4,2.3,-14.625
44.26269507408142,14.5,25.4,2.3,-14.500000000000002
44.280096769332886,14.4375,25.4,2.3,-14.437499999999998
44.317458152770996,14.3125,25.4,2.3,-14.3125
44.331679582595825,10.8125,25.4,2.3,-10.8125
44.36787462234497,9.5625,25.4,2.3,-9.5625
44.40213394165039,3.1875,25.4,2.3,-3.1875
44.43763971328735,-1.875,25.4,2.3,1.8749999999999998
44.47315335273743,-6.875,25.4,2.3,6.875
44.48969483375549,-9.1875,25.4,2.3,9.1875
44.523324966430664,-10.1875,25.4,2.3,10.1875
44.540687084198,-11.0,25.4,2.3,11.0
44.575839042663574,-11.25,25.4,2.3,11.25
44.59270429611206,-11.375,25.4,2.3,11.375
44.60987615585327,-11.375,25.4,2.3,11.375
44.6236515045166,-11.25,25.4,2.3,11.25
